grn_id,date_id,supplier_id,material_id,quantity_received,quantity_rejected,rejection_cost,ppm
900000,20250323,4,102,11984,235,15513.49,19667
900001,20250115,5,102,11692,86,6561.56,7415
900002,20250104,3,104,10048,76,7862.02,7624
900003,20250205,5,103,4874,58,5357.87,11986
900004,20250201,5,101,6522,55,4186.84,8523
900005,20250129,2,104,6743,49,3288.61,7389
900006,20250118,3,103,10430,130,9526.29,12532
900007,20250114,3,103,4557,50,3707.06,11120
900008,20250328,3,101,7176,87,10117.0,12132
900009,20250311,5,101,10770,59,2790.58,5549
900010,20250112,4,101,4398,41,3056.55,9527
900011,20250317,3,102,9105,74,6253.71,8131
900012,20250224,6,101,8400,33,2404.53,4001
900013,20250105,5,103,9929,108,4764.49,10906
900014,20250104,2,101,7712,68,4419.72,8918
900015,20250112,4,103,4697,82,6608.63,17468
900016,20250128,6,104,5535,38,2201.7,6950
900017,20250130,6,102,4773,28,3013.64,5868
900018,20250306,2,104,9022,44,4444.37,4941
900019,20250319,4,104,6705,100,10761.24,15030
900020,20250104,5,103,3430,34,3887.11,9988
900021,20250313,1,104,7381,15,816.5,2118
900022,20250126,4,103,8062,109,7420.92,13567
900023,20250325,2,101,5972,30,2559.17,5173
900024,20250331,6,101,9566,34,1745.9,3570
900025,20250311,5,103,3502,20,1993.78,5751
900026,20250223,4,101,6524,92,6769.97,14163
900027,20250129,1,102,8585,22,1531.29,2644
900028,20250227,1,104,8314,43,4958.44,5181
900029,20250317,3,102,4391,30,1573.39,6861
900030,20250205,3,104,3815,27,1667.74,7336
900031,20250101,2,101,9947,79,6996.72,7978
900032,20250121,4,102,9785,122,6983.95,12475
900033,20250331,4,101,11394,112,7572.75,9864
900034,20250224,6,104,4816,25,2356.44,5320
900035,20250213,6,103,10972,80,7469.65,7316
900036,20250205,6,103,3744,17,1217.56,4806
900037,20250120,3,102,3897,23,1296.14,6125
900038,20250128,4,101,6460,66,6674.77,10248
900039,20250213,4,101,7742,103,5108.67,13375
900040,20250114,1,102,11149,56,4169.33,5059
900041,20250112,3,103,5116,62,5121.61,12229
900042,20250218,5,104,6770,61,5166.57,9098
900043,20250113,3,102,8802,63,4521.24,7180
900044,20250215,5,104,3693,31,1286.48,8573
900045,20250214,1,103,4275,23,1496.03,5531
900046,20250319,2,101,10033,87,6294.78,8697
900047,20250203,4,103,9843,125,6151.73,12743
900048,20250106,1,102,3341,19,1253.65,5957
900049,20250228,4,101,10538,203,23057.06,19298
900050,20250310,6,102,4443,29,3119.2,6577
900051,20250116,2,102,6986,52,4529.7,7569
900052,20250218,2,103,11584,53,3798.05,4644
900053,20250111,1,102,8083,40,2686.44,5054
900054,20250312,2,103,8456,45,2074.97,5377
900055,20250207,5,101,4868,45,3635.83,9346
900056,20250322,2,103,8724,59,5793.23,6876
900057,20250321,4,101,5419,64,3086.36,11871
900058,20250216,4,103,7193,80,4310.39,11232
900059,20250315,4,104,5504,103,4740.91,18739
900060,20250125,4,104,11095,173,17361.53,15601
900061,20250109,5,102,10354,109,12418.63,10579
900062,20250106,3,103,8295,92,4791.05,11179
900063,20250326,6,103,4118,28,2110.55,6841
900064,20250130,1,101,7961,41,2540.93,5261
900065,20250207,4,102,3920,53,4271.11,13766
900066,20250111,2,103,8085,62,4721.49,7782
900067,20250130,4,102,3932,55,5859.47,14041
900068,20250113,2,104,4257,20,1784.01,4739
900069,20250218,6,103,11307,69,5314.17,6149
900070,20250205,6,103,3672,24,2705.38,6684
900071,20250228,6,102,6084,34,3005.62,5633
900072,20250323,2,103,11214,58,6763.83,5235
900073,20250216,4,102,10381,100,10487.73,9695
900074,20250121,6,103,8626,31,2491.28,3690
900075,20250217,5,101,5827,30,1794.58,5320
900076,20250215,2,102,10172,77,6308.26,7599
900077,20250127,2,103,5600,39,2723.3,6981
900078,20250327,4,104,7634,109,7924.47,14347
900079,20250204,2,103,8543,76,3358.38,8897
900080,20250331,2,104,8482,38,2522.26,4539
900081,20250329,6,104,9333,49,2947.82,5327
900082,20250324,4,101,5463,73,3395.97,13461
900083,20250110,6,102,5317,31,2009.37,5865
900084,20250319,6,103,9421,38,3328.93,4056
900085,20250323,4,101,4388,57,4828.68,13072
900086,20250122,1,103,8381,44,2209.83,5330
900087,20250310,6,104,11624,43,3942.33,3765
900088,20250201,5,102,9937,91,6274.11,9165
900089,20250121,5,103,8940,67,3646.21,7530
900090,20250301,2,103,6509,44,5095.79,6799
900091,20250218,5,104,10967,72,4184.89,6572
900092,20250204,2,103,5253,27,1246.68,5269
900093,20250323,1,103,4657,18,1830.06,4079
900094,20250330,4,104,11626,100,9295.43,8618
900095,20250313,4,101,5147,91,6382.52,17785
900096,20250129,4,104,5658,62,6603.47,10962
900097,20250329,5,101,5712,62,4650.86,10907
900098,20250211,1,102,9731,33,3105.6,3492
900099,20250108,5,101,6891,59,5242.01,8638
900100,20250130,5,101,10355,71,5873.18,6916
900101,20250105,1,102,8070,48,5025.12,5955
900102,20250210,1,101,10684,60,6408.54,5702
900103,20250221,1,104,9026,43,4978.13,4778
900104,20250204,1,101,10218,39,3960.65,3891
900105,20250109,4,102,9256,150,12329.52,16239
900106,20250128,3,104,5655,52,5413.24,9271
900107,20250314,3,102,5267,53,2341.24,10096
900108,20250210,1,102,10873,60,4181.82,5580
900109,20250128,3,103,4680,67,7242.25,14452
900110,20250325,3,103,7670,56,5658.76,7374
900111,20250305,1,102,7469,28,3147.89,3840
900112,20250220,3,102,5414,71,3360.93,13167
900113,20250324,5,102,6637,77,5858.95,11690
900114,20250228,2,103,8727,36,2634.9,4218
900115,20250119,2,103,9495,77,5383.6,8112
900116,20250203,1,101,9326,21,1469.85,2334
900117,20250118,4,101,3461,45,5150.97,13221
900118,20250201,1,102,8493,44,2274.09,5241
900119,20250313,4,104,3627,46,5216.02,12700
900120,20250310,2,104,10740,55,5538.9,5136
900121,20250203,1,103,10685,40,3569.11,3837
900122,20250316,6,103,4298,13,786.16,3155
900123,20250224,5,103,5449,51,5876.12,9495
900124,20250316,3,102,11647,150,7334.24,12934
900125,20250221,4,104,7720,91,5832.38,11893
900126,20250216,6,101,3782,18,1324.55,4953
900127,20250129,3,102,10489,73,3567.41,7029
900128,20250118,3,101,11189,165,6816.95,14782
900129,20250307,1,101,11443,49,2908.4,4355
900130,20250305,3,102,5352,57,4237.33,10772
900131,20250112,5,101,8780,61,5224.84,6970
900132,20250107,6,104,6068,22,1801.33,3701
900133,20250115,3,101,8908,63,7325.15,7108
900134,20250120,1,104,11914,48,4939.82,4078
900135,20250322,5,104,11316,107,4454.06,9539
900136,20250121,2,104,10702,46,4179.27,4356
900137,20250329,6,103,9116,46,4590.13,5077
900138,20250224,3,101,8850,62,4190.22,7106
900139,20250318,1,102,4698,24,2077.25,5160
900140,20250109,2,102,8447,43,1872.51,5092
900141,20250219,2,101,11945,80,8406.46,6773
900142,20250218,4,103,5868,112,8643.02,19217
900143,20250318,5,103,10840,110,6004.05,10175
900144,20250301,3,104,5209,36,3502.21,7033
900145,20250309,1,101,10498,22,1396.46,2151
900146,20250202,4,101,3717,41,4545.39,11268
900147,20250312,5,102,8170,61,4955.07,7540
900148,20250102,4,101,11897,187,11269.57,15756
900149,20250329,6,103,6131,32,2193.85,5343
900150,20250115,5,101,3783,39,2595.61,10371
900151,20250329,5,102,5039,58,4027.61,11548
900152,20250310,3,104,9553,126,14057.95,13204
900153,20250204,5,102,9334,72,8488.65,7777
900154,20250324,4,102,11129,215,17157.4,19338
900155,20250213,5,104,11507,82,8535.53,7184
900156,20250115,3,102,9955,72,5360.3,7293
900157,20250207,3,102,5956,88,5588.12,14937
900158,20250225,6,101,4680,17,1125.97,3655
900159,20250121,4,101,7843,102,7718.67,13021
900160,20250228,2,104,9981,53,5044.6,5365
900161,20250101,2,101,8759,67,2907.02,7662
900162,20250203,5,101,8776,88,10546.98,10036
900163,20250306,6,102,7498,26,1196.09,3469
900164,20250123,1,103,9655,33,2674.55,3488
900165,20250306,5,101,5621,29,1491.25,5255
900166,20250114,6,103,10179,33,1653.25,3285
900167,20250322,4,101,6866,127,8801.9,18570
900168,20250208,4,101,9272,160,6814.53,17293
900169,20250323,4,104,5513,105,7979.35,19125
900170,20250306,4,104,9077,127,9590.42,14095
900171,20250319,4,104,4259,74,3775.16,17403
900172,20250126,6,103,9012,56,3648.45,6260
900173,20250120,6,102,7566,38,4439.98,5044
900174,20250217,3,101,3424,30,2397.71,9048
900175,20250121,2,101,9340,80,3953.67,8601
900176,20250311,4,101,7264,141,10673.96,19534
900177,20250309,1,103,7678,37,4192.78,4842
900178,20250101,6,104,11047,51,2540.36,4639
900179,20250318,1,102,4213,16,861.0,3851
900180,20250211,1,103,10292,24,2516.19,2359
900181,20250304,1,104,8236,38,2576.17,4735
900182,20250103,3,103,4063,60,3793.74,14882
900183,20250115,6,102,7914,33,3199.18,4290
900184,20250216,1,104,5852,30,2067.58,5250
900185,20250209,4,103,6673,66,7841.5,9988
900186,20250131,5,102,5275,36,3716.27,6939
900187,20250108,1,101,3430,11,927.54,3478
900188,20250131,3,102,9044,123,12828.03,13657
900189,20250314,6,101,5126,18,814.68,3706
900190,20250111,3,103,9523,131,10749.29,13842
900191,20250111,1,104,9708,52,4471.59,5372
900192,20250304,6,104,5053,28,2558.84,5597
900193,20250109,5,103,10372,91,8591.19,8816
900194,20250310,1,104,8644,21,2314.97,2525
900195,20250117,3,104,5981,48,3581.25,8114
900196,20250117,2,101,3907,19,1547.52,5017
900197,20250326,4,103,7982,85,4501.38,10697
900198,20250302,3,102,6694,78,9032.29,11669
900199,20250312,6,101,11501,61,6568.16,5326
900200,20250122,1,103,7105,19,1725.29,2804
900201,20250203,4,101,7496,75,6750.13,10050
900202,20250309,1,102,11740,27,2165.56,2382
900203,20250319,6,102,5762,45,5189.79,7848
900204,20250224,1,103,5526,14,1297.78,2701
900205,20250128,2,102,8531,73,3160.57,8617
900206,20250311,4,101,3464,32,1396.38,9330
900207,20250330,4,102,7336,136,7733.6,18668
900208,20250126,6,101,9825,31,2475.13,3248
900209,20250209,2,101,11938,76,6942.8,6372
900210,20250221,3,102,7949,110,6554.93,13912
900211,20250327,1,103,9653,31,2364.79,3218
900212,20250325,5,104,3981,25,1879.21,6294
900213,20250217,1,102,10933,42,2365.52,3902
900214,20250226,1,101,5353,17,1851.62,3280
900215,20250308,3,101,8231,95,11212.84,11658
900216,20250227,1,102,5142,26,1810.72,5115
900217,20250116,2,103,4739,31,1839.51,6614
900218,20250201,2,103,5007,30,2279.03,6191
900219,20250129,4,101,5308,50,2202.42,9586
900220,20250109,6,101,9293,59,3531.84,6425
900221,20250213,5,103,5616,65,4302.67,11664
900222,20250103,1,104,8123,22,2223.09,2777
900223,20250317,1,102,11163,45,3480.53,4108
900224,20250312,3,101,8055,113,4729.51,14148
900225,20250130,6,101,9442,67,5130.76,7140
900226,20250317,2,103,6944,40,3466.7,5762
900227,20250129,5,102,3797,20,1250.17,5414
900228,20250101,4,103,10710,135,11196.26,12681
900229,20250110,2,102,4761,35,1775.02,7530
900230,20250322,6,102,7333,43,4347.67,5996
900231,20250108,4,102,8995,78,5619.63,8741
900232,20250130,3,101,6189,73,6150.82,11939
900233,20250109,3,104,4204,51,4097.36,12329
900234,20250105,1,103,7582,40,4765.09,5380
900235,20250212,6,104,4946,20,2360.13,4054
900236,20250110,5,103,9453,76,7872.98,8057
900237,20250307,4,102,8555,146,16806.92,17139
900238,20250131,2,101,5363,30,2645.91,5630
900239,20250205,6,104,9576,67,2895.77,7096
900240,20250327,6,101,3637,14,1359.22,4122
900241,20250304,3,103,10761,156,11943.22,14508
900242,20250128,1,101,11446,29,1920.88,2572
900243,20250311,1,101,8218,21,1500.16,2665
900244,20250117,4,104,7902,140,9367.38,17727
900245,20250315,3,102,11351,167,13224.35,14721
900246,20250315,6,101,7911,54,5684.03,6890
900247,20250302,5,102,9035,69,6479.41,7713
900248,20250201,3,103,9824,108,11203.96,11040
900249,20250302,4,101,3436,61,4756.0,17779
900250,20250222,4,104,6728,133,5866.42,19819
900251,20250125,3,103,10871,95,7784.17,8793
900252,20250113,4,103,9229,96,10150.36,10421
900253,20250113,3,104,6968,45,3861.25,6517
900254,20250326,2,101,4800,26,1079.39,5562
900255,20250225,3,101,8139,104,5419.91,12861
900256,20250215,3,103,6340,80,6411.64,12723
900257,20250224,4,101,10726,213,9581.27,19917
900258,20250222,4,102,5262,86,4866.51,16498
900259,20250301,1,104,8325,39,3052.52,4712
900260,20250107,1,102,9173,30,3496.05,3285
900261,20250328,2,101,10531,88,5929.98,8367
900262,20250325,1,103,8804,41,4172.13,4768
900263,20250324,3,104,7331,102,5648.88,13932
900264,20250113,4,101,7038,88,7448.93,12571
900265,20250108,1,101,6684,39,4595.48,5856
900266,20250221,1,103,7876,40,2524.81,5158
900267,20250213,2,103,6396,51,3333.53,8005
900268,20250114,6,102,8714,66,7569.94,7591
900269,20250201,2,104,7480,47,2338.25,6357
900270,20250125,3,104,11899,145,16190.82,12220
900271,20250125,4,103,9464,129,15011.56,13654
900272,20250310,2,102,5399,34,1474.42,6379
900273,20250227,1,104,4294,14,1594.89,3418
900274,20250118,4,103,7201,114,6511.56,15849
900275,20250224,4,101,11824,147,16852.36,12442
900276,20250124,1,104,7450,19,926.02,2562
900277,20250205,2,102,6920,41,1806.51,5986
900278,20250301,1,102,11700,34,3095.21,2924
900279,20250201,6,102,3860,14,1022.9,3820
900280,20250110,4,101,10739,103,9733.02,9647
900281,20250226,5,104,5252,26,3046.2,5042
900282,20250312,5,104,5587,46,4242.65,8333
900283,20250113,3,101,10793,149,13714.42,13822
900284,20250107,1,104,7706,25,1570.83,3315
900285,20250325,1,101,3969,22,2232.96,5718
900286,20250311,3,101,6804,100,9909.49,14767
900287,20250102,3,101,3611,32,2349.79,8868
900288,20250112,3,102,5880,38,4551.4,6595
900289,20250131,4,104,9504,153,8400.45,16116
900290,20250122,6,101,7742,25,1018.53,3306
900291,20250222,1,104,4758,27,3203.27,5802
900292,20250304,4,102,7662,118,14057.1,15444
900293,20250303,3,101,11901,173,13755.75,14590
900294,20250128,1,103,5198,28,2249.44,5485
900295,20250221,4,102,7470,83,8690.52,11159
900296,20250108,6,103,8417,36,3545.62,4331
900297,20250122,4,104,7215,142,7795.22,19773
900298,20250218,6,104,8523,46,3929.43,5416
900299,20250101,3,102,6164,54,4799.32,8875
900300,20250219,6,104,9643,62,5035.79,6503
900301,20250203,1,103,4421,16,1496.65,3641
900302,20250228,3,101,6027,50,3909.82,8303
900303,20250206,1,101,7064,14,852.08,2027
900304,20250224,5,101,6858,59,5917.73,8659
900305,20250331,2,102,8400,54,4676.23,6473
900306,20250313,6,104,3187,16,1476.71,5142
900307,20250326,2,103,6871,30,2802.69,4508
900308,20250304,2,104,10625,69,3641.64,6513
900309,20250120,6,104,11233,62,5903.84,5547
900310,20250125,3,104,7833,94,8381.98,12021
900311,20250207,5,101,6590,40,3130.18,6094
900312,20250128,1,103,10454,52,6193.57,5062
900313,20250108,4,103,9121,135,12980.96,14813
900314,20250316,1,104,10714,54,4482.08,5102
900315,20250311,4,101,6578,79,7459.76,12054
900316,20250108,1,101,4341,18,1363.32,4152
900317,20250210,6,103,8927,32,3628.15,3639
900318,20250108,5,101,4838,26,2763.85,5505
900319,20250107,4,101,11281,127,10898.65,11312
900320,20250316,3,101,5455,47,3113.72,8695
900321,20250303,1,102,11525,43,2119.87,3809
900322,20250306,1,104,6365,31,2686.21,4936
900323,20250309,4,103,4489,73,5521.62,16361
900324,20250121,3,103,3911,52,2628.89,13429
900325,20250108,3,102,9806,132,11234.9,13484
900326,20250307,6,104,10575,58,5676.02,5524
900327,20250111,6,103,9487,48,5055.18,5084
900328,20250124,6,101,6570,50,2292.12,7737
900329,20250109,6,103,9941,57,5473.76,5822
900330,20250318,6,101,11866,41,4705.43,3493
900331,20250109,6,102,4130,28,1191.09,6867
900332,20250328,5,101,9698,62,6294.1,6474
900333,20250131,3,103,9887,119,14211.99,12135
900334,20250221,6,103,9266,61,6683.75,6674
900335,20250116,3,103,9184,111,5152.62,12154
900336,20250314,3,102,11835,96,8859.14,8178
900337,20250201,2,102,8697,43,2333.95,4971
900338,20250316,5,104,11802,97,7983.82,8219
900339,20250318,6,103,6648,20,2009.89,3028
900340,20250106,1,101,7888,30,2816.4,3896
900341,20250321,4,102,11920,178,14694.73,14948
900342,20250111,1,103,6762,20,1537.0,3013
900343,20250223,5,103,5541,40,2203.14,7258
900344,20250326,4,102,4848,41,4295.09,8527
900345,20250316,5,104,9868,99,10027.14,10037
900346,20250314,3,102,3256,32,1807.57,9943
900347,20250308,4,102,4653,82,3500.26,17731
900348,20250210,3,101,3797,38,3771.24,10009
900349,20250203,1,101,9590,36,2114.9,3797
900350,20250127,1,104,6559,33,3600.25,5089
900351,20250327,4,103,3924,40,3212.47,10295
900352,20250210,4,102,7739,91,9578.92,11836
900353,20250131,6,104,8224,63,5533.51,7730
900354,20250203,5,101,8253,57,3656.05,6940
900355,20250220,6,102,5347,38,2191.97,7270
900356,20250117,5,103,7923,57,2557.97,7254
900357,20250327,6,101,5869,38,3209.79,6499
900358,20250324,3,101,3768,43,4959.06,11642
900359,20250208,4,101,9244,153,10021.31,16592
900360,20250228,1,104,9821,36,1869.75,3672
900361,20250210,5,103,9167,59,5920.84,6506
900362,20250110,5,102,10758,75,8096.05,6974
900363,20250102,1,104,7927,43,4154.06,5512
900364,20250228,6,104,10586,36,3059.67,3472
900365,20250321,5,104,9824,93,7663.14,9565
900366,20250314,3,101,9363,93,5617.17,9978
900367,20250113,4,103,8411,156,7226.8,18595
900368,20250110,1,104,10369,56,3902.43,5469
900369,20250310,4,102,11775,233,24780.13,19871
900370,20250128,5,103,3844,27,1894.68,7199
900371,20250306,5,102,3647,20,1101.06,5596
900372,20250203,1,103,6555,25,1417.78,3963
900373,20250117,3,102,8455,92,10723.67,10967
900374,20250214,2,101,3251,18,2069.51,5735
900375,20250109,1,104,4922,24,2879.18,5059
900376,20250201,2,102,10846,64,6121.61,5987
900377,20250217,6,103,6350,39,4415.19,6249
900378,20250206,2,104,8269,52,3663.55,6318
900379,20250121,3,104,11743,139,8989.66,11886
900380,20250226,6,103,8892,64,7080.0,7200
900381,20250311,2,102,10635,51,5315.49,4807
900382,20250208,6,101,10692,60,6788.79,5623
900383,20250320,2,101,9073,59,4313.75,6563
900384,20250325,3,102,6625,55,2271.37,8390
900385,20250309,2,104,9841,63,3288.15,6418
900386,20250102,2,104,8404,49,3448.97,5884
900387,20250327,2,104,7026,56,4706.88,8090
900388,20250312,1,104,8530,26,2627.79,3054
900389,20250208,1,102,11005,65,6362.5,5958
900390,20250326,1,104,11037,42,2245.27,3887
900391,20250114,3,103,8770,76,3890.95,8773
900392,20250118,6,104,11954,83,4542.08,7000
900393,20250203,5,101,11882,121,14106.05,10257
900394,20250115,2,104,11584,49,5249.15,4277
900395,20250114,2,102,4217,18,1820.65,4397
900396,20250312,3,101,9756,80,8592.29,8252
900397,20250120,2,102,6791,30,2897.21,4556
900398,20250204,1,102,3149,9,724.13,2895
900399,20250206,5,101,9114,50,4471.34,5495
900400,20250319,4,102,10916,205,16200.81,18801
900401,20250127,2,102,3108,25,2103.29,8359
900402,20250213,1,104,3194,6,494.12,2068
900403,20250127,4,103,7501,125,14774.79,16777
900404,20250329,5,102,3280,29,3046.52,9114
900405,20250323,4,102,10054,109,5293.18,10937
900406,20250203,1,102,4578,18,934.41,4147
900407,20250306,6,104,6144,44,2648.51,7312
900408,20250304,6,103,8807,45,4661.77,5189
900409,20250202,4,101,4294,60,7004.63,14112
900410,20250107,3,104,10520,105,12517.96,9984
900411,20250112,4,104,6700,86,8146.21,12914
900412,20250323,2,103,4320,18,854.64,4259
900413,20250224,2,103,9213,65,5474.05,7089
900414,20250205,6,104,3919,12,1154.73,3077
900415,20250106,3,101,4354,61,6565.21,14189
900416,20250101,1,104,8427,36,4254.71,4317
900417,20250212,2,103,4562,37,4200.69,8326
900418,20250117,6,101,6764,32,3587.26,4731
900419,20250323,5,103,10790,77,3366.82,7220
900420,20250203,6,101,4218,22,2462.79,5296
900421,20250121,2,102,3539,19,2171.72,5469
900422,20250226,2,103,8152,33,3858.28,4128
900423,20250312,6,103,5362,33,3772.23,6262
900424,20250224,1,104,7903,21,1787.45,2665
900425,20250313,4,103,9375,178,19886.53,19092
900426,20250102,2,103,8435,60,6026.92,7144
900427,20250115,6,102,5292,19,1521.21,3642
900428,20250110,6,103,8666,29,1386.63,3439
900429,20250330,3,102,6803,49,3295.12,7245
900430,20250120,4,102,9499,126,5338.63,13347
900431,20250311,5,102,7478,85,10149.58,11418
900432,20250105,1,102,11038,32,2190.88,2934
900433,20250217,5,101,9150,78,4279.0,8537
900434,20250316,4,104,9227,86,8752.51,9404
900435,20250312,4,101,7839,94,9122.58,12037
900436,20250119,4,103,4344,53,2773.9,12390
900437,20250225,5,101,5527,61,4341.36,11059
900438,20250117,4,101,8909,86,4069.66,9745
900439,20250106,6,103,8050,53,3646.05,6643
900440,20250209,5,103,7419,43,2175.82,5837
900441,20250216,4,103,6070,91,6907.58,15061
900442,20250106,6,101,11395,72,3474.97,6342
900443,20250215,3,101,4468,52,4385.55,11798
900444,20250127,4,103,8315,118,4836.5,14311
900445,20250329,5,104,9779,79,8084.35,8176
900446,20250201,2,104,6977,60,4901.3,8685
900447,20250327,4,102,9237,99,5059.61,10777
900448,20250114,2,103,7933,49,3893.05,6198
900449,20250215,6,102,4036,17,1271.16,4369
900450,20250313,3,104,9899,108,8503.76,10911
900451,20250222,1,102,4260,14,841.9,3479
900452,20250321,3,103,7040,99,8662.95,14123
900453,20250120,4,103,6203,96,4661.55,15501
900454,20250131,2,103,7991,32,3708.99,4055
900455,20250121,2,101,8443,60,6259.57,7112
900456,20250123,5,102,8399,72,4808.08,8606
900457,20250222,2,104,5230,33,2166.56,6461
900458,20250104,5,104,6290,56,3647.54,8924
900459,20250123,6,104,9524,53,3355.74,5614
900460,20250212,1,101,11044,65,5594.57,5963
900461,20250222,4,101,6971,92,6447.77,13339
900462,20250327,5,103,9437,75,3683.33,7990
900463,20250201,1,104,6273,27,3234.09,4425
900464,20250204,2,101,5947,50,2107.66,8506
900465,20250121,2,103,10563,60,4504.58,5717
900466,20250331,1,104,7773,42,4007.93,5404
900467,20250114,2,102,9703,78,3988.48,8090
900468,20250218,6,103,7961,39,2348.37,4982
900469,20250105,6,101,5525,35,3609.41,6466
900470,20250302,1,101,4211,16,1908.1,3839
900471,20250129,5,103,10851,106,7638.83,9769
900472,20250126,5,103,11300,120,8815.69,10666
900473,20250228,1,101,3602,18,2114.54,5238
900474,20250214,5,102,11796,116,10562.31,9864
900475,20250209,5,104,4392,25,2537.91,5895
900476,20250130,6,102,8816,38,3486.88,4362
900477,20250129,5,103,3725,35,4154.1,9613
900478,20250104,3,102,9547,109,12781.05,11432
900479,20250326,4,101,10052,97,3961.85,9735
900480,20250125,2,103,7239,42,3395.87,5818
900481,20250221,3,104,11499,110,8322.85,9621
900482,20250212,5,101,9408,82,8346.57,8793
900483,20250205,6,101,11199,47,3177.08,4234
900484,20250109,1,104,3402,13,628.73,3977
900485,20250205,5,104,9815,55,2710.71,5703
900486,20250214,6,102,5321,31,2013.49,5853
900487,20250324,4,103,10460,119,9721.01,11389
900488,20250307,5,104,8706,77,3681.36,8900
900489,20250221,1,104,10412,34,1542.71,3306
900490,20250328,6,103,3732,14,585.3,3942
900491,20250310,6,104,8620,33,3107.65,3895
900492,20250212,6,104,5692,28,2275.83,4998
900493,20250104,4,102,5623,75,6359.09,13422
900494,20250115,5,101,10570,72,7475.07,6899
900495,20250203,4,101,6022,66,6021.73,11053
900496,20250123,2,101,10080,72,3048.15,7240
900497,20250316,2,101,6232,47,4106.68,7682
900498,20250203,5,104,9370,47,4529.81,5036
900499,20250105,4,103,6371,80,8014.88,12560
900500,20250114,1,103,4025,17,818.38,4364
900501,20250318,6,102,11796,53,3670.96,4531
900502,20250225,6,102,6228,42,2062.89,6748
900503,20250214,5,104,11019,102,11961.88,9323
900504,20250210,2,103,8134,72,5118.56,8890
900505,20250225,2,103,9431,83,4078.5,8808
900506,20250319,6,101,8766,59,5273.95,6750
900507,20250307,5,104,7873,78,6802.65,10033
900508,20250115,4,104,5194,68,3361.17,13131
900509,20250219,2,101,8003,39,2131.1,4958
900510,20250315,4,104,5316,87,6183.7,16369
900511,20250125,2,104,5258,45,3181.36,8708
900512,20250202,2,102,6043,48,4360.33,7986
900513,20250106,3,103,5838,50,3958.57,8733
900514,20250225,2,104,5298,29,1889.83,5532
900515,20250101,1,102,10389,47,2081.58,4537
900516,20250308,5,103,8882,45,3544.59,5078
900517,20250310,5,101,6196,72,5091.52,11678
900518,20250329,4,102,11281,210,16715.49,18699
900519,20250327,2,102,11056,81,7841.72,7404
900520,20250126,1,103,10272,41,2188.59,4001
900521,20250216,4,101,3505,40,2534.69,11613
900522,20250225,3,102,7503,72,5976.63,9683
900523,20250109,4,104,5755,89,7587.43,15492
900524,20250327,4,104,11115,189,15283.39,17006
900525,20250212,2,104,4871,30,3060.27,6194
900526,20250321,3,101,9010,134,14178.39,14880
900527,20250210,4,102,3681,72,5422.27,19779
900528,20250326,1,104,6580,24,1156.64,3741
900529,20250116,1,101,7055,22,2419.67,3219
900530,20250208,5,104,3528,30,1830.76,8684
900531,20250306,3,103,4425,58,6334.95,13193
900532,20250209,3,102,4923,48,2725.93,9882
900533,20250327,5,102,8744,94,8349.17,10822
900534,20250222,4,101,10015,107,9554.25,10719
900535,20250211,3,101,6385,59,6161.68,9390
900536,20250221,1,102,8747,36,2249.52,4180
900537,20250331,1,104,11827,31,2042.66,2689
900538,20250207,2,104,7794,49,4205.12,6370
900539,20250312,3,103,11428,86,4372.85,7560
900540,20250117,4,104,9743,87,10387.7,8971
900541,20250125,5,101,5078,54,5901.46,10746
900542,20250223,5,101,7090,43,4167.2,6198
900543,20250327,4,104,7055,134,9569.75,19079
900544,20250218,6,101,5329,41,3714.28,7730
900545,20250328,2,102,9786,69,5254.99,7073
900546,20250123,5,102,4525,37,3006.22,8300
900547,20250320,3,104,7558,91,6950.18,12046
900548,20250314,2,102,10996,73,6318.62,6681
900549,20250208,3,102,4526,61,5538.02,13511
900550,20250221,1,103,8869,48,2163.19,5482
900551,20250312,2,103,11756,85,4881.24,7258
900552,20250101,5,102,10039,118,6719.88,11757
900553,20250208,2,104,7399,49,5207.11,6644
900554,20250206,2,103,8533,72,6208.9,8483
900555,20250127,2,101,10951,74,8253.4,6815
900556,20250225,6,101,3793,12,575.59,3376
900557,20250316,2,101,10529,43,2147.38,4133
900558,20250319,3,104,5588,73,5586.07,13230
900559,20250325,1,102,10009,28,3350.35,2828
900560,20250211,4,101,5161,96,6158.33,18649
900561,20250301,2,104,7489,35,3232.85,4764
900562,20250226,5,103,7102,40,2789.9,5675
900563,20250226,2,102,5711,25,1792.68,4424
900564,20250328,5,103,8005,87,8348.11,10947
900565,20250128,3,104,6836,89,8227.05,13032
900566,20250307,5,101,4559,22,1255.62,5008
900567,20250302,4,101,4276,43,3762.26,10174
900568,20250122,1,104,11510,55,4158.29,4785
900569,20250326,5,101,3132,33,2227.04,10698
900570,20250111,5,102,4975,42,4011.94,8459
900571,20250206,1,104,10826,24,1399.58,2290
900572,20250307,4,103,4463,89,9298.41,19972
900573,20250326,2,104,4690,30,2082.15,6566
900574,20250323,5,102,7902,48,3389.65,6123
900575,20250321,1,102,5181,23,2747.01,4627
900576,20250212,3,104,5340,38,3132.75,7120
900577,20250112,1,104,3138,14,1288.02,4499
900578,20250131,3,101,10210,119,11637.55,11753
900579,20250328,4,102,5480,80,7142.89,14745
900580,20250209,2,104,10248,59,2769.17,5779
900581,20250129,1,104,4646,11,1102.15,2573
900582,20250126,6,102,9291,54,6321.23,5879
900583,20250119,5,104,8152,93,4760.34,11480
900584,20250104,4,101,7537,139,6496.85,18561
900585,20250106,1,102,7668,39,4496.79,5190
900586,20250201,5,101,3439,41,4418.39,11945
900587,20250302,1,101,7942,22,1791.24,2841
900588,20250320,3,101,11348,103,10282.23,9090
900589,20250110,1,101,7842,36,1597.16,4646
900590,20250228,6,102,6921,48,3401.8,7054
900591,20250223,1,101,6949,28,2549.3,4046
900592,20250322,1,101,4163,17,1888.67,4163
900593,20250315,6,104,3197,19,2179.57,5958
900594,20250125,4,102,5162,74,8056.02,14337
900595,20250331,1,102,9895,34,2846.09,3496
900596,20250219,6,103,5830,39,4537.89,6858
900597,20250305,5,102,4195,21,1826.77,5136
900598,20250221,3,102,3225,33,1889.56,10295
900599,20250201,3,103,3990,49,3945.91,12520
900600,20250119,1,102,11209,57,4174.37,5142
900601,20250325,4,102,9590,89,8120.63,9350
900602,20250330,4,102,11808,213,11121.67,18093
900603,20250101,5,102,4369,32,1482.3,7538
900604,20250114,1,103,6329,37,3871.86,5990
900605,20250224,3,102,11788,133,9477.38,11353
900606,20250129,4,102,4083,53,5082.39,13081
900607,20250123,1,103,6909,15,893.38,2237
900608,20250331,4,104,10118,100,7626.97,9900
900609,20250308,6,101,3901,21,1959.01,5533
900610,20250301,4,104,5877,58,2378.77,9956
900611,20250107,3,103,5248,32,1699.41,6185
900612,20250313,2,101,8680,71,5777.83,8284
900613,20250201,5,103,7247,46,3208.48,6367
900614,20250116,5,103,7403,81,8983.97,11004
900615,20250228,3,102,3480,39,4078.18,11488
900616,20250118,4,101,7456,123,5548.5,16582
900617,20250301,1,102,4262,17,1299.07,4032
900618,20250327,4,101,8900,79,6317.54,8908
900619,20250309,3,103,5734,68,3575.77,12024
900620,20250313,5,103,4685,45,4226.83,9701
900621,20250318,4,104,4889,57,5657.96,11742
900622,20250210,5,101,3042,16,1739.12,5360
900623,20250226,1,102,3201,9,393.11,3001
900624,20250320,5,104,8963,72,8180.5,8137
900625,20250306,5,104,5932,31,2611.1,5289
900626,20250224,2,104,9870,57,3747.42,5839
900627,20250312,2,102,9819,65,4010.54,6620
900628,20250227,6,104,4276,32,2234.39,7682
900629,20250121,2,102,11225,49,2663.03,4431
900630,20250302,5,104,11450,61,7095.91,5376
900631,20250227,3,102,4129,56,6119.82,13620
900632,20250203,5,103,8090,62,2908.47,7681
900633,20250201,3,103,10483,64,4448.87,6130
900634,20250323,3,103,7777,85,8429.12,10979
900635,20250205,2,103,6974,54,3750.94,7800
900636,20250308,4,103,11083,124,12226.04,11201
900637,20250304,1,104,11954,61,6324.35,5114
900638,20250322,2,104,5466,22,2521.02,4052
900639,20250131,2,104,3391,20,1666.47,5908
900640,20250205,4,102,3157,42,1684.91,13488
900641,20250226,1,102,9164,50,4952.33,5477
900642,20250110,5,102,8038,47,2651.53,5851
900643,20250206,6,102,6902,44,3491.94,6439
900644,20250131,6,103,3981,16,1550.92,4166
900645,20250204,5,103,4524,24,2728.85,5359
900646,20250212,2,103,11515,85,8165.76,7383
900647,20250210,1,101,9102,35,4128.75,3877
900648,20250311,2,104,4391,38,1810.55,8757
900649,20250111,3,102,5187,64,2943.13,12461
900650,20250118,2,102,4020,30,2789.87,7563
900651,20250120,2,103,5141,30,1900.02,5939
900652,20250130,5,102,8161,94,6715.0,11560
900653,20250219,5,102,8345,63,4801.9,7605
900654,20250330,5,104,6827,38,4388.41,5611
900655,20250120,6,103,5230,40,1948.71,7789
900656,20250128,3,104,4731,41,3114.58,8693
900657,20250109,5,101,8145,67,3327.15,8330
900658,20250223,1,101,8870,52,5284.6,5951
900659,20250222,6,101,10404,57,4392.86,5525
900660,20250212,4,103,4964,47,2472.63,9481
900661,20250311,1,102,7984,42,4047.81,5384
900662,20250301,1,103,3660,10,1068.74,2880
900663,20250223,5,103,8370,52,2459.45,6215
900664,20250108,4,102,7066,97,6954.86,13828
900665,20250127,4,104,3802,72,4601.32,19094
900666,20250223,6,101,5848,19,2207.19,3254
900667,20250219,4,104,10408,178,17772.64,17108
900668,20250316,3,101,7093,53,4079.06,7551
900669,20250331,5,103,5290,31,1269.65,5994
900670,20250103,4,101,6641,67,3741.99,10141
900671,20250315,6,103,9563,57,5409.46,6049
900672,20250218,3,104,4376,44,4989.35,10240
900673,20250303,2,103,4228,17,2036.14,4178
900674,20250101,2,104,6239,47,4922.96,7632
900675,20250215,3,102,4506,51,2539.91,11432
900676,20250208,6,102,10552,36,1923.81,3414
900677,20250219,3,102,10096,125,9961.26,12471
900678,20250223,5,103,9270,98,7265.05,10596
900679,20250310,5,102,8799,59,6647.2,6758
900680,20250311,2,101,7505,47,3557.0,6292
900681,20250319,4,104,5435,46,4099.91,8567
900682,20250129,6,104,7026,38,3036.63,5417
900683,20250304,2,101,10848,48,2256.85,4499
900684,20250129,4,103,9275,95,6986.18,10248
900685,20250204,4,103,11614,140,12664.45,12082
900686,20250225,5,104,11907,137,5694.05,11511
900687,20250304,1,102,9266,48,4659.34,5202
900688,20250104,1,103,10859,45,4613.17,4230
900689,20250219,3,103,8636,122,8018.86,14231
900690,20250213,5,101,7430,48,2020.08,6473
900691,20250327,4,101,6588,55,6141.37,8480
900692,20250328,6,102,7602,26,2722.0,3479
900693,20250221,1,103,10728,44,3018.16,4168
900694,20250122,4,103,6813,72,3456.77,10615
900695,20250301,1,101,6951,21,1736.6,3091
900696,20250117,1,103,3916,20,2394.23,5129
900697,20250321,1,104,6594,28,3016.17,4358
900698,20250310,6,101,9363,55,6314.91,5906
900699,20250104,5,102,5846,37,2180.19,6442
900700,20250220,6,101,8210,48,5429.68,5939
900701,20250317,2,103,3462,23,2663.51,6880
900702,20250314,4,102,5328,91,10544.12,17225
900703,20250326,5,101,11064,104,6731.32,9441
900704,20250104,5,104,11035,58,2738.79,5310
900705,20250111,5,104,6811,67,3852.82,9928
900706,20250324,5,101,11625,103,4125.63,8915
900707,20250224,6,104,6300,25,1681.52,4068
900708,20250118,5,104,5907,68,7312.91,11573
900709,20250301,3,104,8301,57,2379.92,6975
900710,20250124,4,102,5320,52,5601.36,9817
900711,20250107,5,104,8978,50,3494.36,5594
900712,20250203,4,104,9481,166,7981.71,17601
900713,20250218,3,104,7944,89,4531.54,11285
900714,20250211,3,102,5580,73,7544.36,13157
900715,20250128,4,101,10982,204,13338.06,18636
900716,20250228,1,103,8846,25,2331.06,2914
900717,20250211,2,104,5872,41,2646.38,7099
900718,20250213,1,101,7825,19,1030.12,2521
900719,20250218,1,104,3029,17,1634.73,5886
900720,20250205,6,102,9415,72,3066.52,7648
900721,20250223,1,101,8213,47,4921.11,5772
900722,20250202,5,102,6619,67,5711.35,10239
900723,20250111,6,104,11129,46,3058.7,4152
900724,20250302,6,104,4274,21,1422.64,4949
900725,20250103,3,102,8234,72,6544.44,8750
900726,20250311,1,103,4453,23,2224.5,5365
900727,20250107,3,102,8500,113,4623.02,13317
900728,20250214,4,104,6435,77,7349.96,12088
900729,20250129,2,102,8742,53,5456.96,6102
900730,20250325,6,103,3020,10,708.75,3394
900731,20250109,4,102,9875,105,11630.24,10725
900732,20250325,4,103,11078,157,10691.46,14204
900733,20250106,5,103,9149,53,5634.14,5830
900734,20250104,2,102,6695,35,2663.6,5332
900735,20250201,4,102,3547,45,1872.28,12831
900736,20250126,4,101,7278,70,3215.52,9715
900737,20250103,2,104,5787,40,2114.89,7075
900738,20250321,2,103,4228,35,4037.14,8481
900739,20250120,4,101,4525,61,5338.87,13536
900740,20250131,2,102,10909,46,3427.27,4253
900741,20250117,4,104,5703,102,11340.39,17950
900742,20250302,4,101,5573,49,2356.93,8877
900743,20250327,5,103,6367,41,2982.44,6556
900744,20250115,1,101,11849,36,3342.52,3086
900745,20250314,4,103,7872,93,4433.61,11891
900746,20250128,3,102,9437,132,6901.91,14043
900747,20250301,6,104,8911,27,2003.63,3031
900748,20250331,1,104,7825,42,3904.39,5374
900749,20250202,1,104,10869,30,1432.77,2817
900750,20250217,1,102,6390,17,1547.94,2699
900751,20250122,5,103,4342,38,4085.06,8879
900752,20250319,4,102,8052,116,9010.36,14512
900753,20250319,5,104,7341,42,3836.67,5746
900754,20250115,4,102,9349,103,7177.21,11029
900755,20250121,5,102,9249,74,4064.57,8026
900756,20250209,5,102,3731,26,1954.66,7156
900757,20250114,6,103,7315,35,3743.82,4853
900758,20250316,3,101,4009,33,3305.9,8476
900759,20250104,5,101,4584,26,2429.73,5702
900760,20250209,6,102,11871,75,8824.23,6391
900761,20250315,2,101,6727,57,2558.09,8535
900762,20250328,3,101,9342,136,9994.72,14561
900763,20250218,5,102,11773,125,13668.94,10628
900764,20250220,1,102,10779,46,5084.49,4345
900765,20250126,2,104,10803,69,3195.83,6448
900766,20250110,2,101,3568,28,2399.53,8113
900767,20250317,6,103,11467,88,8289.85,7681
900768,20250330,2,102,5415,26,3014.45,4985
900769,20250322,3,104,10357,91,10549.17,8832
900770,20250201,5,103,5738,38,3977.72,6735
900771,20250114,5,101,5067,27,1994.49,5349
900772,20250331,1,104,10133,28,3353.88,2827
900773,20250208,6,102,5422,42,2546.5,7874
900774,20250329,1,103,4097,9,639.43,2356
900775,20250318,2,102,9510,81,5353.3,8522
900776,20250116,1,101,7525,31,2376.23,4128
900777,20250314,3,103,3202,46,4716.6,14561
900778,20250106,5,101,4843,40,2078.86,8395
900779,20250214,2,101,4641,22,1870.32,4865
900780,20250310,1,104,4654,24,1509.3,5218
900781,20250224,6,102,11775,68,7495.74,5816
900782,20250326,3,103,7327,89,8222.09,12275
900783,20250217,3,101,10750,71,3818.09,6613
900784,20250109,1,101,9602,24,2147.03,2589
900785,20250306,5,103,9581,50,3583.17,5317
900786,20250324,1,101,8431,40,2360.25,4828
900787,20250213,2,104,10785,66,7376.33,6200
900788,20250102,1,104,3331,11,1159.3,3383
900789,20250223,3,104,7965,88,5493.64,11094
900790,20250304,1,104,11054,60,5741.68,5515
900791,20250114,5,101,4609,31,1573.28,6867
900792,20250225,6,103,10259,57,3508.56,5628
900793,20250216,4,103,9828,176,16129.41,17911
900794,20250323,1,103,6079,23,1308.96,3809
900795,20250228,5,103,9671,107,8426.98,11069
900796,20250120,5,102,11462,92,9722.69,8063
900797,20250225,6,103,11442,49,2217.22,4302
900798,20250123,3,102,11303,142,7220.98,12609
900799,20250308,5,102,11589,111,4697.06,9658
900800,20250325,5,104,6158,72,4036.19,11823
900801,20250204,5,102,3944,27,1151.43,7043
900802,20250320,5,101,3828,30,2891.12,7952
900803,20250310,2,102,7488,52,5505.79,7017
900804,20250303,2,104,11275,81,7357.46,7251
900805,20250301,3,102,5029,32,1899.36,6500
900806,20250225,1,101,11008,48,3633.04,4433
900807,20250317,5,101,10775,105,8831.2,9807
900808,20250204,6,101,8640,37,3959.46,4339
900809,20250211,1,104,7237,36,3832.91,5067
900810,20250201,6,104,4480,23,970.51,5335
900811,20250112,1,103,3813,10,1083.06,2667
900812,20250205,3,104,6511,62,5691.0,9626
900813,20250227,5,101,6387,46,4237.84,7204
900814,20250201,5,101,11409,58,6331.88,5164
900815,20250301,4,104,3145,49,5533.14,15767
900816,20250314,6,102,5837,46,4787.18,7924
900817,20250320,1,104,6666,20,1773.35,3033
900818,20250327,1,104,8004,39,4577.12,4919
900819,20250218,2,101,7511,56,6251.76,7471
900820,20250213,4,103,8713,135,8121.59,15520
900821,20250104,2,101,10646,68,6403.95,6475
900822,20250305,2,103,9506,83,3999.35,8788
900823,20250211,2,101,11380,80,6793.33,7065
900824,20250124,6,104,7631,41,3884.88,5445
900825,20250304,6,101,10892,38,2542.3,3522
900826,20250128,3,101,7529,85,9258.14,11327
900827,20250215,3,101,7278,79,4350.44,10895
900828,20250203,2,104,11475,68,7614.3,5968
900829,20250213,4,104,9620,181,11867.6,18822
900830,20250205,1,104,5292,26,1092.95,4954
900831,20250318,6,104,11148,60,3645.25,5421
900832,20250331,4,103,9857,144,10232.93,14628
900833,20250205,5,103,3578,34,3285.95,9776
900834,20250313,6,102,6111,35,3434.34,5811
900835,20250102,6,104,6643,49,4462.19,7379
900836,20250308,3,103,10794,128,10314.9,11873
900837,20250125,1,101,5785,31,2870.88,5443
900838,20250111,1,104,5967,19,908.36,3203
900839,20250131,5,102,5096,56,3398.76,11069
900840,20250222,5,102,5999,63,7053.94,10568
900841,20250304,6,102,4463,21,1436.88,4820
900842,20250313,2,101,8031,59,6079.79,7444
900843,20250131,3,103,8428,101,6145.32,12089
900844,20250330,3,101,7817,106,11458.29,13598
900845,20250302,6,104,10709,36,3935.21,3439
900846,20250324,4,102,4166,65,7225.02,15736
900847,20250304,2,101,11199,55,6016.99,4981
900848,20250227,6,101,9253,67,4279.19,7340
900849,20250103,2,103,3885,20,1019.78,5235
900850,20250112,2,103,6281,42,3054.88,6807
900851,20250207,2,102,10496,54,3526.78,5173
900852,20250129,6,101,5954,21,1659.14,3662
900853,20250221,3,101,5897,65,5899.39,11134
900854,20250330,3,103,3077,41,2537.17,13406
900855,20250201,2,101,5762,50,5057.93,8720
900856,20250209,4,101,11021,104,5236.66,9442
900857,20250326,1,101,10105,46,3420.23,4594
900858,20250316,6,103,10029,69,4875.91,6910
900859,20250217,1,102,3618,15,839.3,4186
900860,20250302,4,104,9112,74,8240.68,8230
900861,20250312,6,102,11700,53,2195.96,4561
900862,20250309,2,104,3067,18,1045.82,6038
900863,20250214,3,101,8641,96,4830.19,11113
900864,20250224,1,102,9284,37,3222.47,4061
900865,20250312,5,104,5736,31,3283.13,5534
900866,20250212,5,103,7885,58,4435.5,7382
900867,20250215,4,103,11524,204,16713.6,17770
900868,20250331,2,102,10105,51,3438.35,5096
900869,20250228,1,102,11031,38,3800.35,3471
900870,20250204,2,101,5701,41,1702.73,7304
900871,20250209,1,102,6675,33,3920.08,4978
900872,20250202,4,101,6460,53,4620.3,8359
900873,20250130,4,101,5768,57,3951.66,10017
900874,20250116,5,103,3612,29,3193.58,8073
900875,20250125,2,103,7190,60,5391.05,8380
900876,20250210,6,104,3785,14,1292.0,3885
900877,20250116,5,103,3323,17,1618.06,5395
900878,20250310,2,103,9828,75,5281.52,7639
900879,20250330,5,102,11966,84,6547.94,7070
900880,20250124,6,103,5508,25,2390.38,4683
900881,20250125,3,104,3152,34,2504.77,10933
900882,20250128,3,102,4654,67,4127.08,14524
900883,20250303,3,104,5247,67,7132.3,12862
900884,20250205,3,103,4718,67,6532.59,14381
900885,20250317,1,104,4928,15,736.82,3157
900886,20250309,3,102,4741,67,3744.75,14154
900887,20250318,6,101,6272,32,3408.64,5154
900888,20250206,4,104,6304,87,8375.92,13864
900889,20250113,4,104,7839,83,3581.65,10627
900890,20250125,1,102,11132,63,3566.78,5728
900891,20250207,3,102,10875,124,7286.29,11416
900892,20250130,3,104,3208,23,2588.66,7458
900893,20250216,3,103,11095,93,10783.88,8443
900894,20250123,5,104,11383,63,6166.76,5614
900895,20250208,2,102,4659,28,2563.31,6096
900896,20250102,5,101,10483,77,4707.01,7425
900897,20250310,2,101,3820,18,1890.98,4817
900898,20250117,3,103,3646,39,2683.87,10760
900899,20250205,3,104,8123,105,10403.74,12979
900900,20250106,5,101,4556,54,5435.44,11973
900901,20250107,5,104,3751,19,2055.04,5079
900902,20250312,2,102,5793,38,2606.88,6692
900903,20250207,4,101,10171,184,11309.51,18187
900904,20250331,2,103,4522,31,3261.11,7052
900905,20250117,5,102,5996,35,2522.18,5932
900906,20250323,6,103,10479,54,5770.26,5226
900907,20250304,5,102,10835,125,9217.4,11552
900908,20250114,6,101,5732,22,1113.22,3926
900909,20250102,1,103,3960,23,2473.6,5860
900910,20250315,5,103,4699,39,4403.03,8408
900911,20250206,1,102,10908,57,4874.38,5286
900912,20250302,4,103,10178,111,9868.55,10969
900913,20250303,2,102,8875,37,4033.22,4236
900914,20250226,6,102,5140,35,3977.11,6957
900915,20250213,2,102,4850,35,2633.93,7369
900916,20250124,1,102,4037,12,1108.77,3071
900917,20250107,6,101,3202,23,2332.25,7299
900918,20250202,2,102,6669,45,3668.76,6771
900919,20250303,5,104,4560,38,3531.61,8545
900920,20250115,3,103,7072,98,6630.68,13895
900921,20250109,1,104,9305,24,2570.94,2608
900922,20250221,2,101,3894,15,1372.08,4095
900923,20250304,1,104,5571,22,2373.97,4070
900924,20250110,1,103,11123,61,3247.17,5561
900925,20250315,6,104,11055,62,3674.82,5626
900926,20250322,6,101,7557,25,2013.86,3412
900927,20250329,3,102,9203,116,12222.72,12607
900928,20250107,5,104,4291,37,2794.8,8760
900929,20250120,1,101,10341,24,2604.65,2360
900930,20250120,2,101,10324,68,3365.77,6589
900931,20250314,4,103,11148,208,8615.68,18704
900932,20250208,1,103,9609,35,1500.33,3688
900933,20250111,1,104,11996,23,2439.67,2000
900934,20250201,3,102,7990,114,9688.47,14328
900935,20250116,5,101,10474,81,5594.46,7792
900936,20250313,4,104,3889,45,4839.54,11652
900937,20250223,6,101,8439,64,6489.17,7588
900938,20250319,6,101,10751,64,6225.48,5976
900939,20250318,2,102,4868,23,2317.15,4798
900940,20250321,4,102,6633,53,3567.35,8035
900941,20250129,6,104,7783,58,4742.01,7486
900942,20250308,2,102,4741,20,2235.0,4375
900943,20250218,5,102,11067,68,7190.8,6150
900944,20250227,2,104,9704,47,2836.13,4876
900945,20250226,6,102,6209,28,1390.47,4536
900946,20250208,3,103,9437,89,6814.17,9532
900947,20250317,3,101,6122,70,3403.49,11536
900948,20250224,3,101,9790,66,7532.59,6761
900949,20250209,6,101,5018,33,2527.5,6690
900950,20250314,3,101,11260,92,10773.97,8205
900951,20250321,4,104,3071,51,5043.75,16689
900952,20250108,5,101,10091,119,10330.35,11871
900953,20250320,2,101,11328,61,5816.07,5451
900954,20250113,2,101,5845,29,1400.25,5051
900955,20250127,6,101,8273,58,6409.65,7129
900956,20250322,3,103,9859,99,6126.88,10067
900957,20250128,3,101,8617,93,7089.17,10819
900958,20250203,1,103,5185,13,949.26,2565
900959,20250326,5,104,11393,84,9025.46,7448
900960,20250111,4,102,11975,157,15221.14,13143
900961,20250121,2,101,6560,37,2100.75,5645
900962,20250131,1,102,7760,37,2502.07,4812
900963,20250123,1,102,5173,25,2300.17,4909
900964,20250312,6,104,5913,42,3502.77,7127
900965,20250110,2,102,8281,40,4034.48,4945
900966,20250121,6,103,10870,84,7194.69,7774
900967,20250101,4,102,9839,187,18668.12,19046
900968,20250222,1,102,11747,37,4077.33,3171
900969,20250227,1,102,9920,52,2133.13,5310
900970,20250330,5,101,4744,24,1691.27,5207
900971,20250318,4,101,3869,73,3250.57,18981
900972,20250302,1,103,7374,37,3805.18,5072
900973,20250207,4,103,7695,147,8826.6,19196
900974,20250105,2,101,4016,25,1408.0,6417
900975,20250130,3,103,11866,77,5289.48,6529
900976,20250206,1,101,10415,25,2232.22,2419
900977,20250206,5,104,6675,73,6699.18,11081
900978,20250331,2,102,9371,55,4448.06,5946
900979,20250228,4,102,7712,149,13880.76,19353
900980,20250110,6,103,9251,57,4179.54,6174
900981,20250329,2,101,8122,69,3056.99,8523
900982,20250130,1,101,7117,20,1792.9,2831
900983,20250203,4,103,10259,119,13437.35,11695
900984,20250322,3,101,9025,134,13276.18,14955
900985,20250317,2,104,6218,34,2160.16,5585
900986,20250326,1,102,5906,28,1286.81,4796
900987,20250126,5,103,5847,64,5190.9,11021
900988,20250224,6,103,9180,30,2228.42,3332
900989,20250115,4,101,7329,74,3912.7,10131
900990,20250311,2,103,7178,29,1926.91,4046
900991,20250129,2,104,5536,23,1202.81,4327
900992,20250324,3,101,8285,56,5706.0,6833
900993,20250120,3,101,7934,111,11454.38,14037
900994,20250204,5,101,8866,49,5033.4,5597
900995,20250119,6,101,8207,59,3398.22,7304
900996,20250110,5,104,6012,55,2499.98,9264
900997,20250108,1,101,11276,29,2124.96,2652
900998,20250122,1,103,11798,43,2036.29,3652
900999,20250209,5,104,6624,44,4094.94,6747
901000,20250318,6,102,8424,50,3174.3,5955
901001,20250314,5,102,11691,103,12332.24,8890
901002,20250206,6,103,3144,12,1122.18,3939
901003,20250226,6,103,10301,51,5730.35,4968
901004,20250116,4,104,6994,60,5676.25,8653
901005,20250301,6,102,8258,50,5663.73,6124
901006,20250330,3,102,4857,59,3571.11,12322
901007,20250208,6,102,7633,24,2709.76,3202
901008,20250331,6,102,9143,65,6774.65,7213
901009,20250221,6,102,10300,71,3089.08,6987
901010,20250204,1,101,6154,20,1622.23,3312
901011,20250306,3,103,4572,39,4591.48,8742
901012,20250311,3,101,11814,174,7062.04,14736
901013,20250305,5,102,4072,27,2527.92,6726
901014,20250226,4,104,6492,124,9168.16,19229
901015,20250111,6,104,4702,22,1826.45,4684
901016,20250318,2,102,10130,46,4588.56,4590
901017,20250106,4,102,5519,46,3529.95,8389
901018,20250225,4,104,8434,72,3384.12,8620
901019,20250211,3,101,3889,34,3520.26,8916
901020,20250319,4,101,4154,72,7612.53,17420
901021,20250202,6,102,7237,45,3196.92,6339
901022,20250104,6,101,9626,63,4114.68,6547
901023,20250112,1,104,9381,44,2176.44,4757
901024,20250130,6,101,3096,10,1004.77,3518
901025,20250328,6,102,3745,13,892.01,3594
901026,20250315,3,104,11238,86,5434.08,7738
901027,20250317,6,101,7937,63,2955.99,7968
901028,20250103,1,103,10170,36,2577.93,3562
901029,20250328,2,104,3504,27,1417.66,7882
901030,20250204,3,104,6602,54,5385.98,8234
901031,20250315,2,103,11941,76,8877.62,6416
901032,20250106,3,103,5360,58,5462.62,10883
901033,20250123,5,104,9113,46,3876.97,5091
901034,20250302,4,103,5316,53,2297.12,10019
901035,20250308,5,102,9456,88,7374.58,9400
901036,20250325,6,102,4394,24,1363.3,5496
901037,20250226,2,102,8633,49,3577.61,5734
901038,20250205,6,104,11397,47,2485.19,4166
901039,20250124,4,103,6617,119,12706.8,18107
901040,20250316,3,103,6183,48,2616.41,7877
901041,20250225,4,101,3891,66,5075.48,16992
901042,20250323,1,101,4198,13,1218.55,3190
901043,20250304,4,103,7107,68,3793.95,9608
901044,20250112,1,103,10982,64,4253.96,5897
901045,20250302,4,103,5100,96,8874.03,18998
901046,20250214,1,104,4639,14,1253.86,3167
901047,20250222,2,103,6170,40,3154.76,6603
901048,20250212,6,101,8379,46,4391.93,5504
901049,20250211,6,104,5496,41,3499.31,7633
901050,20250327,5,103,8182,69,3690.89,8508
901051,20250114,6,101,8131,40,4114.11,5016
901052,20250121,3,104,10145,106,11364.13,10533
901053,20250212,4,103,5200,99,9765.14,19134
901054,20250222,5,103,10863,95,7184.72,8791
901055,20250330,3,103,8004,111,9338.85,13978
901056,20250305,3,104,5879,43,4615.77,7343
901057,20250206,1,101,5293,29,2409.59,5650
901058,20250326,6,101,7312,26,2553.04,3626
901059,20250221,2,102,3305,26,2353.78,8154
901060,20250312,2,103,9637,85,4846.77,8833
901061,20250105,5,102,3600,34,2068.88,9518
901062,20250228,2,102,11842,93,8585.08,7867
901063,20250112,4,101,5435,76,5426.39,13993
901064,20250210,2,104,7767,39,3009.87,5096
901065,20250202,5,104,11362,65,4663.28,5741
901066,20250211,2,101,11227,45,4185.64,4086
901067,20250115,4,104,5717,93,4764.36,16423
901068,20250221,1,102,5608,15,1279.63,2733
901069,20250307,5,103,5395,59,5815.06,11028
901070,20250101,1,101,8878,19,1092.61,2165
901071,20250326,1,103,10989,32,1440.92,2949
901072,20250311,1,104,9052,26,1129.04,2958
901073,20250301,3,103,6387,92,10360.86,14485
901074,20250222,6,104,8918,55,4266.57,6179
901075,20250107,3,104,10448,70,3023.47,6760
901076,20250125,6,102,8309,31,2985.27,3845
901077,20250308,1,104,11542,53,5637.7,4595
901078,20250216,5,102,7314,71,5931.91,9740
901079,20250321,6,102,5848,35,3230.29,6085
901080,20250305,4,102,8985,158,14578.17,17628
901081,20250322,4,101,4275,70,4208.88,16465
901082,20250226,2,101,6651,54,3913.24,8230
901083,20250107,6,104,8653,60,6204.76,6988
901084,20250127,5,102,3108,28,3095.76,9111
901085,20250204,3,101,10207,88,5139.13,8713
901086,20250312,1,102,11430,52,3248.17,4635
901087,20250117,2,103,5461,30,1577.66,5531
901088,20250206,4,103,4938,92,5375.35,18831
901089,20250226,3,103,8410,66,5182.41,7856
901090,20250331,3,104,10844,150,8528.45,13848
901091,20250304,1,102,5641,26,2773.4,4651
901092,20250116,6,103,3367,16,695.22,4996
901093,20250104,4,101,5639,57,5150.7,10207
901094,20250322,5,103,3642,35,1811.22,9688
901095,20250319,3,103,5725,58,6600.15,10231
901096,20250131,1,103,11464,67,4853.25,5924
901097,20250121,5,104,3305,36,3536.57,10894
901098,20250209,6,101,7644,28,1605.17,3702
901099,20250312,4,102,10723,170,9119.71,15891
901100,20250102,6,101,9730,77,3959.11,7922
901101,20250312,3,102,5979,85,5198.74,14369
901102,20250222,5,104,8614,75,6579.2,8714
901103,20250112,5,104,4127,28,1967.19,6882
901104,20250129,5,104,5166,30,1239.75,5889
901105,20250115,3,104,11564,164,15538.91,14263
901106,20250301,3,102,5450,41,2221.94,7577
901107,20250116,6,103,3639,26,2086.92,7353
901108,20250324,2,102,4925,23,1807.32,4763
901109,20250120,6,101,5135,40,3325.72,7943
901110,20250305,4,104,3019,57,5240.5,19117
901111,20250207,1,104,11553,43,2994.1,3723
901112,20250307,5,101,3711,39,3213.03,10715
901113,20250204,2,102,6759,53,5467.72,7949
901114,20250223,1,103,9246,31,2700.84,3435
901115,20250303,2,103,4600,34,1724.16,7485
901116,20250302,6,101,10817,53,5978.76,4904
901117,20250201,3,103,4373,46,4041.72,10641
901118,20250228,5,102,11908,99,6001.82,8347
901119,20250312,6,102,3089,9,776.15,3058
901120,20250119,1,101,4930,20,811.51,4128
901121,20250219,1,102,6365,30,3130.29,4817
901122,20250125,1,104,9698,33,1601.38,3483
901123,20250318,1,101,9980,46,3994.16,4668
901124,20250307,1,102,7281,40,3315.54,5501
901125,20250118,2,101,8990,56,6683.26,6257
901126,20250109,6,103,9511,44,3214.56,4668
901127,20250205,5,102,10904,70,4873.19,6464
901128,20250223,3,104,10925,110,13098.87,10157
901129,20250213,3,102,8641,108,10677.16,12522
901130,20250306,6,101,4951,24,1817.46,4882
901131,20250204,6,101,5650,21,1200.29,3821
901132,20250101,3,102,9562,110,11447.51,11544
901133,20250206,3,104,3852,33,2347.23,8633
901134,20250208,2,104,3086,14,1482.05,4746
901135,20250317,4,104,10727,191,14292.57,17834
901136,20250316,5,101,4049,28,1616.77,7155
901137,20250326,1,102,4311,19,817.39,4494
901138,20250304,4,103,9296,135,12030.83,14564
901139,20250120,6,101,11536,61,5912.64,5346
901140,20250227,3,104,3941,34,3101.59,8871
901141,20250310,4,102,10192,83,4659.34,8175
901142,20250303,5,104,11489,84,4668.7,7342
901143,20250214,6,103,11364,82,7861.83,7225
901144,20250212,1,104,5776,27,1157.89,4760
901145,20250312,1,104,6919,32,1280.74,4682
901146,20250311,5,103,5579,31,3712.11,5711
901147,20250218,5,102,9544,75,7017.97,7892
901148,20250228,3,101,9642,89,7246.33,9281
901149,20250211,1,102,4124,23,1085.91,5764
901150,20250125,6,103,7661,58,6565.64,7580
901151,20250331,4,104,8703,119,13930.5,13693
901152,20250131,6,102,7530,36,3186.33,4853
901153,20250315,2,101,6187,47,5375.72,7725
901154,20250219,2,103,3076,18,972.05,6138
901155,20250130,5,102,11294,66,5589.57,5872
901156,20250222,3,101,11243,121,8130.87,10821
901157,20250106,2,103,4917,40,4661.47,8204
901158,20250210,1,101,11813,62,6415.21,5330
901159,20250302,6,103,7098,47,5512.37,6627
901160,20250218,6,104,10923,54,5432.28,4992
901161,20250219,5,102,10517,111,8531.2,10583
901162,20250326,4,101,3448,54,2662.28,15896
901163,20250325,5,103,4106,33,2992.87,8134
901164,20250120,4,101,6610,126,12107.86,19090
901165,20250305,5,101,8172,68,7917.62,8378
901166,20250105,5,102,11462,107,4363.23,9388
901167,20250117,5,104,7314,51,3212.14,7033
901168,20250306,4,101,9536,181,18082.45,19037
901169,20250317,4,103,8603,79,6664.77,9245
901170,20250212,5,103,5924,52,3385.71,8903
901171,20250113,2,104,6580,57,3506.99,8699
901172,20250226,3,103,6115,86,8511.33,14175
901173,20250113,3,104,6847,68,7467.72,9965
901174,20250309,3,103,6387,62,3485.72,9755
901175,20250228,4,102,7091,128,8765.72,18135
901176,20250102,4,101,4747,47,5339.91,9964
901177,20250119,2,102,11071,44,4450.14,4054
901178,20250222,3,101,11871,79,8519.43,6692
901179,20250325,3,101,9081,101,8018.11,11167
901180,20250120,5,101,7501,67,3660.19,9020
901181,20250110,4,102,11374,143,10271.74,12591
901182,20250302,3,101,5101,35,2872.06,6887
901183,20250203,6,102,9933,68,7831.72,6918
901184,20250213,2,104,3533,28,1897.93,8116
901185,20250321,6,103,5863,39,4606.7,6745
901186,20250330,6,103,11490,77,5024.41,6768
901187,20250220,2,101,3137,12,1127.14,4096
901188,20250325,6,102,9216,71,3412.25,7759
901189,20250111,3,103,8924,91,5002.47,10254
901190,20250212,4,102,7306,86,5293.53,11885
901191,20250328,2,102,8621,60,3282.79,6997
901192,20250310,5,101,9945,66,4852.81,6724
901193,20250218,6,103,9099,54,5850.69,5990
901194,20250210,2,101,7581,58,3154.69,7692
901195,20250322,1,101,5148,22,2087.38,4358
901196,20250304,1,103,4636,22,1355.11,4952
901197,20250311,4,103,6863,117,8725.57,17098
901198,20250105,3,104,9240,85,4391.74,9212
901199,20250321,4,104,5450,85,8878.54,15749
901200,20250109,4,102,5893,87,6957.2,14906
901201,20250131,4,103,11470,192,18747.81,16748
901202,20250322,4,104,10972,141,8470.99,12915
901203,20250329,5,102,3781,31,1485.46,8263
901204,20250206,5,102,5676,31,1774.36,5491
901205,20250130,2,102,7166,56,5998.59,7903
901206,20250112,1,104,4577,17,1692.65,3842
901207,20250225,4,103,7256,100,6882.45,13914
901208,20250113,2,101,7222,49,2037.75,6819
901209,20250323,1,102,4986,17,1859.62,3438
901210,20250113,6,104,6259,48,4131.43,7725
901211,20250226,3,104,11821,104,12308.38,8859
901212,20250122,5,101,7663,60,3960.43,7909
901213,20250330,6,101,11363,79,8056.38,6993
901214,20250208,1,104,10322,58,2683.81,5643
901215,20250104,6,103,7694,52,4707.92,6799
901216,20250106,3,101,5373,46,4197.34,8745
901217,20250211,1,104,8527,31,2805.56,3727
901218,20250108,6,101,9631,34,1575.18,3584
901219,20250207,5,103,8629,59,3839.64,6869
901220,20250215,5,102,7773,84,5157.41,10819
901221,20250217,2,101,9479,58,6438.89,6222
901222,20250225,6,103,8950,69,5635.57,7808
901223,20250119,4,104,10377,153,8167.97,14782
901224,20250201,6,101,3378,13,1276.88,4024
901225,20250309,1,101,7122,41,4079.91,5852
901226,20250222,1,104,4311,12,640.23,2862
901227,20250314,6,102,4687,17,766.76,3782
901228,20250329,3,104,10752,161,7133.27,14985
901229,20250124,5,101,9504,88,8905.57,9292
901230,20250122,1,104,4363,10,609.96,2425
901231,20250123,5,103,5544,31,2863.99,5690
901232,20250111,1,104,9387,30,1750.45,3267
901233,20250320,2,101,7655,58,5226.87,7630
901234,20250218,4,104,5150,85,9101.92,16630
901235,20250321,1,102,3468,7,651.59,2143
901236,20250329,5,104,8328,74,5725.79,8900
901237,20250131,2,102,11856,73,6123.5,6231
901238,20250305,1,103,5213,31,3592.25,5971
901239,20250316,3,102,11835,105,9162.98,8900
901240,20250119,4,104,10480,192,19183.28,18339
901241,20250130,1,101,10126,41,3738.5,4144
901242,20250301,2,102,11745,76,8566.25,6536
901243,20250323,3,103,10891,161,9365.41,14841
901244,20250202,6,102,4467,29,1874.25,6619
901245,20250228,2,102,9753,59,3094.99,6128
901246,20250202,2,102,3172,12,982.38,4000
901247,20250327,3,103,5233,60,3776.46,11634
901248,20250102,2,104,11767,47,4466.02,4068
901249,20250301,3,102,11059,152,9723.26,13816
901250,20250206,1,102,10052,52,3298.56,5268
901251,20250328,3,101,6788,41,3438.14,6118
901252,20250311,3,103,6089,77,8514.12,12745
901253,20250121,4,102,10161,146,8758.79,14467
901254,20250110,3,103,9385,114,6571.8,12199
901255,20250226,3,102,4297,55,4951.42,12917
901256,20250214,6,104,11464,59,3703.67,5227
901257,20250317,1,104,11715,62,3813.36,5312
901258,20250208,4,102,6080,55,3002.59,9121
901259,20250323,6,104,7744,30,2728.54,3904
901260,20250224,5,102,10418,75,7202.84,7229
901261,20250330,1,104,11060,30,1969.54,2769
901262,20250202,1,101,5492,12,1410.93,2203
901263,20250228,5,101,3362,21,2473.52,6523
901264,20250208,3,101,7622,79,3950.25,10410
901265,20250126,6,103,10183,31,1817.37,3067
901266,20250219,2,103,5468,22,1748.7,4120
901267,20250303,4,101,8601,128,8310.55,14885
901268,20250114,2,103,11165,78,6013.39,7042
901269,20250131,5,104,3519,27,1253.28,7705
901270,20250218,1,102,5393,12,735.84,2229
901271,20250315,1,102,9429,21,1752.56,2292
901272,20250215,4,102,5975,66,7369.29,11148
901273,20250315,1,101,7097,37,2609.47,5347
901274,20250207,1,103,3206,8,943.74,2499
901275,20250331,4,104,7078,101,10271.5,14304
901276,20250207,6,104,10257,51,5049.49,5024
901277,20250103,6,101,3549,16,1229.87,4631
901278,20250326,4,104,4539,75,6996.05,16538
901279,20250220,5,104,6415,56,3983.27,8873
901280,20250205,1,104,8113,47,3094.72,5834
901281,20250102,1,104,3691,18,2069.89,5050
901282,20250314,5,103,11534,69,4158.29,6000
901283,20250329,6,104,7895,36,2478.03,4627
901284,20250107,3,102,3853,36,4243.03,9568
901285,20250319,3,101,6866,90,5936.5,13113
901286,20250305,3,103,5742,60,5206.54,10523
901287,20250206,6,104,9484,47,1913.58,4991
901288,20250130,6,103,3688,28,2874.98,7760
901289,20250319,5,104,10786,114,9997.46,10639
901290,20250215,1,102,9084,46,2169.29,5157
901291,20250129,5,101,5583,50,2365.61,9095
901292,20250323,5,104,8544,95,8551.01,11222
901293,20250125,6,104,3979,23,2106.02,5912
901294,20250321,3,104,11787,91,4556.02,7759
901295,20250202,2,104,6812,44,5215.5,6594
901296,20250328,1,101,8690,46,5121.81,5299
901297,20250326,6,101,6161,19,1807.66,3174
901298,20250329,3,102,8868,72,4324.01,8207
901299,20250118,2,101,3646,29,2799.37,7975
901300,20250322,2,104,7828,66,6320.36,8446
901301,20250113,6,102,6109,46,2526.79,7642
901302,20250322,4,102,8696,115,11338.1,13303
901303,20250324,1,102,7510,41,4366.83,5553
901304,20250106,2,104,5627,25,2062.27,4564
901305,20250209,6,103,10362,56,5911.0,5422
901306,20250226,6,104,11873,71,5419.17,6007
901307,20250105,3,101,11289,137,13520.89,12210
901308,20250316,4,101,3306,60,6512.78,18153
901309,20250216,1,104,6912,22,2148.97,3313
901310,20250117,5,104,11830,138,9797.9,11709
901311,20250112,3,102,11586,163,16505.17,14151
901312,20250207,2,104,5525,34,2237.47,6319
901313,20250211,2,102,8276,40,1908.02,4904
901314,20250223,3,101,4092,27,2884.02,6717
901315,20250123,6,102,5126,22,2417.35,4463
901316,20250126,2,104,6310,30,2364.89,4876
901317,20250117,4,101,4617,39,3341.56,8521
901318,20250311,1,103,9366,43,3405.29,4694
901319,20250216,4,102,7193,63,4366.42,8804
901320,20250309,2,101,4161,17,1945.09,4107
901321,20250306,5,102,6419,66,5234.62,10371
901322,20250204,1,101,4310,16,1665.31,3917
901323,20250122,1,101,3994,13,1100.34,3478
901324,20250202,3,102,9814,118,12217.72,12046
901325,20250303,3,103,3955,40,3292.87,10355
901326,20250207,5,101,4153,49,3151.31,11835
901327,20250213,6,101,6537,47,2245.17,7255
901328,20250115,1,101,6784,28,1983.14,4177
901329,20250301,5,103,6164,57,5275.36,9310
901330,20250110,3,103,5931,75,7476.65,12802
901331,20250119,3,104,8864,119,11448.28,13515
901332,20250129,1,102,9997,56,2706.38,5616
901333,20250328,4,103,5955,101,7284.58,17010
901334,20250328,2,102,8529,45,3722.04,5295
901335,20250220,3,104,10258,120,13463.86,11772
901336,20250313,6,102,8319,50,3649.37,6045
901337,20250216,6,103,10054,56,4965.69,5649
901338,20250112,3,102,11939,113,7910.57,9504
901339,20250220,4,103,7162,99,11576.28,13898
901340,20250102,4,102,10331,149,5962.33,14505
901341,20250203,5,103,3567,26,2279.19,7330
901342,20250310,6,103,11480,47,5615.23,4106
901343,20250116,5,102,7945,40,2561.07,5053
901344,20250228,6,104,6635,31,3362.19,4759
901345,20250217,2,101,3355,21,2384.11,6260
901346,20250328,2,104,11376,97,8308.39,8557
901347,20250328,1,102,5534,13,559.25,2386
901348,20250203,5,104,8827,55,2809.0,6278
901349,20250316,3,103,9014,90,5277.56,10093
901350,20250218,5,101,7920,45,3853.75,5752
901351,20250323,3,102,6562,47,4600.66,7264
901352,20250217,4,102,10905,118,9329.33,10832
901353,20250114,5,102,4562,45,4112.12,9876
901354,20250328,4,101,3612,72,7536.05,19973
901355,20250130,2,103,9251,42,4301.21,4642
901356,20250302,2,102,8478,58,6402.24,6850
901357,20250104,1,104,10115,37,4233.53,3706
901358,20250321,5,102,4974,56,3255.7,11311
901359,20250313,4,102,3187,58,5927.22,18385
901360,20250211,3,102,9266,63,4056.11,6886
901361,20250320,2,102,3674,24,1996.67,6615
901362,20250129,2,103,5450,36,2886.92,6677
901363,20250324,3,104,6617,56,2466.33,8509
901364,20250109,4,103,9436,144,14432.72,15300
901365,20250323,4,104,11269,106,6123.29,9475
901366,20250301,5,102,7747,88,6296.03,11441
901367,20250331,5,101,5165,40,1864.14,7753
901368,20250208,6,103,3807,28,2014.19,7490
901369,20250325,6,101,4393,27,2163.94,6264
901370,20250222,1,103,5136,26,1320.53,5121
901371,20250115,2,102,6245,49,3509.65,7996
901372,20250118,5,103,6212,59,5267.51,9597
901373,20250106,4,102,11589,139,8254.54,12034
901374,20250105,3,103,7362,96,6323.8,13046
901375,20250208,4,102,4467,43,4030.81,9843
901376,20250305,2,102,9939,69,4682.66,6992
901377,20250115,6,104,8254,48,4200.49,5822
901378,20250113,4,102,3396,44,2355.78,12994
901379,20250131,1,104,8729,39,4123.34,4524
901380,20250310,2,102,10245,53,3987.56,5194
901381,20250118,6,101,6825,31,2939.69,4635
901382,20250219,3,102,5555,41,2008.58,7405
901383,20250228,6,101,3893,19,2202.39,4991
901384,20250217,1,101,5419,30,3197.87,5558
901385,20250327,2,102,7713,31,2091.31,4112
901386,20250331,3,101,4823,53,4028.26,10999
901387,20250311,1,104,3372,11,623.93,3359
901388,20250223,6,103,11814,55,3096.73,4735
901389,20250317,1,102,11573,58,3520.17,5073
901390,20250120,2,101,10913,56,5353.92,5157
901391,20250223,5,102,3301,26,2252.65,8085
901392,20250325,1,104,11631,25,1510.91,2178
901393,20250113,1,102,3984,12,672.67,3163
901394,20250304,6,102,7444,25,1929.92,3434
901395,20250320,6,101,3136,11,782.01,3545
901396,20250222,3,104,7445,88,9604.55,11901
901397,20250205,6,103,3312,17,1859.68,5396
901398,20250105,4,103,9332,109,12903.79,11787
901399,20250330,2,101,11331,54,6064.73,4815
901400,20250217,2,102,10940,97,8004.91,8891
901401,20250128,5,101,6054,40,3202.08,6629
901402,20250226,5,101,10503,100,11410.8,9593
901403,20250226,2,101,3352,14,837.08,4325
901404,20250131,5,102,11673,87,5801.64,7497
901405,20250216,3,104,9445,80,3317.58,8572
901406,20250113,6,101,8765,51,4590.94,5911
901407,20250329,2,102,6869,55,3413.86,8106
901408,20250217,5,104,4015,40,2424.57,10126
901409,20250311,2,101,9343,39,4505.71,4241
901410,20250324,4,103,7590,88,4588.03,11695
901411,20250215,1,104,9436,44,2243.16,4690
901412,20250108,6,101,9262,67,7828.85,7265
901413,20250220,2,104,6726,49,2902.21,7418
901414,20250205,1,104,5502,20,2352.86,3746
901415,20250125,5,104,8395,72,6003.27,8679
901416,20250116,1,104,6387,29,1481.5,4672
901417,20250228,6,104,11869,55,5995.39,4657
901418,20250112,2,104,8062,66,7442.49,8291
901419,20250326,4,101,10046,104,9619.85,10378
901420,20250128,5,103,5589,42,1907.86,7600
901421,20250324,2,102,11732,58,3174.39,4969
901422,20250323,6,104,5384,17,1720.99,3241
901423,20250318,5,102,9783,81,5205.7,8368
901424,20250103,3,101,7485,63,6446.7,8489
901425,20250107,1,104,4749,12,657.36,2538
901426,20250212,6,103,7372,58,4951.08,7961
901427,20250201,3,102,6783,66,3859.22,9804
901428,20250117,2,104,3427,23,1066.23,6943
901429,20250314,4,101,10808,110,8820.46,10196
901430,20250127,5,103,10680,115,10576.03,10832
901431,20250109,1,102,6014,33,2342.9,5490
901432,20250312,5,102,10763,65,3451.69,6126
901433,20250127,2,104,6707,28,2035.24,4264
901434,20250317,5,103,3245,23,2668.36,7210
901435,20250128,1,103,6646,33,3092.34,5040
901436,20250130,2,103,6323,35,1585.18,5675
901437,20250212,5,103,10197,102,8077.93,10054
901438,20250119,4,101,8323,128,14208.89,15496
901439,20250318,6,103,10005,63,6432.12,6316
901440,20250101,2,102,9232,60,4291.92,6563
901441,20250205,6,102,11784,86,7852.79,7302
901442,20250119,2,101,3630,30,1462.36,8265
901443,20250117,4,102,10485,91,10030.24,8694
901444,20250311,6,102,7025,50,4151.48,7249
901445,20250202,3,103,3643,44,3576.77,12347
901446,20250123,1,102,3807,10,632.94,2777
901447,20250115,3,101,9521,104,10596.99,10989
901448,20250326,5,103,7684,67,3572.37,8779
901449,20250104,4,104,7823,141,16006.69,18045
901450,20250117,3,103,11470,95,7323.2,8330
901451,20250102,2,101,10400,49,4792.78,4740
901452,20250215,5,103,4854,31,3171.25,6472
901453,20250131,5,103,11952,73,5215.51,6108
901454,20250317,3,101,8299,111,4661.22,13387
901455,20250211,3,103,10433,97,10728.58,9308
901456,20250103,4,101,4477,54,3560.0,12097
901457,20250123,1,101,5686,28,2762.51,4942
901458,20250203,3,104,4494,35,3377.43,7870
901459,20250107,3,102,8946,66,5405.76,7397
901460,20250117,6,102,9292,66,5871.74,7191
901461,20250223,2,103,5619,39,3277.08,7102
901462,20250309,6,103,3719,16,1807.68,4399
901463,20250115,6,104,5459,23,2518.63,4328
901464,20250109,5,104,5930,67,6496.57,11300
901465,20250302,1,104,9874,32,2072.37,3261
901466,20250227,2,101,10311,65,5857.55,6365
901467,20250216,4,104,4926,50,5841.74,10155
901468,20250307,4,104,3057,55,5567.74,18200
901469,20250317,3,103,3200,43,3431.84,13514
901470,20250114,3,104,11169,166,17363.0,14904
901471,20250227,4,101,11084,131,7512.84,11897
901472,20250306,3,101,10794,145,10557.76,13434
901473,20250129,1,103,4300,19,1672.16,4462
901474,20250320,6,104,7009,52,3236.95,7483
901475,20250106,3,104,6401,43,2355.85,6801
901476,20250326,5,101,3902,40,2716.86,10351
901477,20250308,3,104,5381,35,3267.59,6531
901478,20250208,2,104,7889,52,5908.8,6712
901479,20250228,1,104,3803,9,660.21,2446
901480,20250324,2,102,5920,31,2906.78,5321
901481,20250104,2,103,5906,45,4497.61,7730
901482,20250108,5,102,8901,47,2230.15,5293
901483,20250303,1,103,7903,26,1806.62,3322
901484,20250221,1,101,9208,49,2225.25,5359
901485,20250224,1,104,10001,54,4538.04,5454
901486,20250329,1,103,7797,30,1522.91,3928
901487,20250114,1,102,7496,25,2054.11,3348
901488,20250304,5,104,11595,77,7366.31,6719
901489,20250226,3,101,3953,30,2571.28,7790
901490,20250110,2,103,11666,55,4328.12,4718
901491,20250111,1,103,7705,28,2483.81,3749
901492,20250211,3,103,8185,83,6808.6,10254
901493,20250319,3,104,8797,71,6329.17,8125
901494,20250119,2,102,11132,91,8948.46,8257
901495,20250109,5,102,11154,100,10463.84,9034
901496,20250117,4,103,6812,133,8410.79,19609
901497,20250205,4,101,6171,49,2423.37,8025
901498,20250321,3,101,10616,84,8315.79,7932
901499,20250323,6,102,6396,40,2924.93,6396
