rejection_id,production_id,defect_id,rejected_qty,rework_qty,rejection_cost
500000,100860,3,8,1,1520.31
500001,101294,1,12,3,1166.41
500002,101130,2,5,1,682.51
500003,101095,8,26,10,9710.98
500004,101638,5,13,2,3699.71
500005,102169,3,27,12,5203.5
500006,100466,1,13,3,1804.72
500007,101238,3,25,4,3756.49
500008,100330,2,17,4,2470.36
500009,101482,2,14,3,1705.03
500010,102135,1,26,7,2768.86
500011,102919,6,5,1,1503.21
500012,100130,2,12,3,1459.11
500013,101685,1,33,5,3482.96
500014,100769,2,8,1,1271.94
500015,102391,2,12,4,1832.36
500016,101515,5,29,9,6696.85
500017,102853,4,24,5,5468.53
500018,102433,4,24,10,5933.52
500019,101215,1,29,7,2793.05
500020,100955,2,27,11,4545.43
500021,102324,2,26,5,4209.1
500022,101184,1,30,3,3369.96
500023,100459,1,20,9,2069.26
500024,100021,4,34,8,8847.98
500025,102300,1,15,6,1682.35
500026,100747,2,15,3,1883.47
500027,102904,1,31,11,3119.91
500028,100474,1,29,13,3963.71
500029,101082,1,18,2,2249.62
500030,102558,7,4,1,1571.99
500031,102047,5,17,5,4826.17
500032,102747,7,31,10,11007.23
500033,100975,2,30,9,5351.61
500034,101806,1,16,7,1826.71
500035,100189,2,26,3,3981.18
500036,102734,2,24,4,4074.34
500037,100562,5,26,11,7080.48
500038,101899,1,8,3,1098.9
500039,101267,2,23,2,3556.75
500040,102879,1,18,5,2336.75
500041,101528,1,19,5,1865.79
500042,100646,4,11,2,2156.61
500043,102068,2,11,2,1511.0
500044,102888,2,8,2,998.3
500045,102214,2,28,5,3751.09
500046,101297,2,34,14,4286.04
500047,102435,4,2,0,400.92
500048,100600,6,5,1,1581.41
500049,102363,7,18,3,5959.38
500050,102061,4,5,1,1042.88
500051,100241,1,27,7,2863.52
500052,102041,3,5,1,816.11
500053,102824,2,2,0,352.4
500054,102612,1,8,2,1016.85
500055,102945,5,31,7,8411.84
500056,101363,1,10,2,1042.15
500057,102139,6,9,0,2947.46
500058,101390,2,25,2,3245.1
500059,101478,3,20,3,3426.42
500060,102556,3,28,7,6026.88
500061,100775,6,33,14,10454.4
500062,100034,3,15,6,2761.51
500063,102253,3,19,3,3672.55
500064,101955,1,29,5,3957.25
500065,101585,2,30,5,4996.8
500066,101021,1,17,4,1818.9
500067,102613,4,32,9,5722.39
500068,101129,2,5,1,694.64
500069,101500,3,18,3,2938.99
500070,100702,1,27,4,2865.43
500071,102449,1,5,0,706.3
500072,102777,4,31,5,7846.73
500073,101579,1,31,11,3444.24
500074,100161,1,23,4,2931.6
500075,100201,1,12,3,1379.88
500076,101981,7,3,1,1224.11
500077,100995,4,13,5,2812.93
500078,102317,2,31,14,4212.68
500079,100815,1,19,7,2048.92
500080,100455,1,27,3,3319.53
500081,101275,4,8,2,1592.97
500082,101016,3,2,0,372.18
500083,102343,1,27,2,3755.58
500084,102767,1,24,7,2764.11
500085,100337,1,27,11,2876.24
500086,100878,3,7,2,1510.76
500087,101076,4,7,0,1545.87
500088,100791,1,9,0,903.27
500089,102264,1,25,6,2456.54
500090,100763,1,23,3,2329.05
500091,102235,7,20,7,7356.85
500092,100379,1,19,7,2546.38
500093,100492,4,32,5,6820.8
500094,101180,3,31,14,4605.79
500095,102062,2,34,9,4858.5
500096,100064,1,11,1,1581.95
500097,102568,1,13,5,1578.17
500098,101367,3,31,12,6631.45
500099,101152,4,28,9,7048.96
500100,102027,3,10,4,1448.27
500101,102695,2,22,8,3591.35
500102,101495,1,13,5,1673.39
500103,101162,7,30,8,10655.28
500104,101522,4,34,13,6782.34
500105,102640,1,16,7,2028.26
500106,100391,7,3,1,886.85
500107,101698,3,19,2,3330.76
500108,100418,3,4,1,706.67
500109,102336,4,8,2,2079.49
500110,100378,5,19,3,5682.69
500111,101796,3,34,16,5540.78
500112,102278,1,32,5,3840.9
500113,102088,1,12,2,1254.9
500114,102182,6,5,2,1747.58
500115,100200,1,19,5,2617.91
500116,101863,2,5,0,689.53
500117,100779,2,30,10,4750.11
500118,102977,2,25,8,3913.46
500119,100502,3,23,2,3565.1
500120,102454,7,3,1,1160.25
500121,101751,1,7,2,853.23
500122,100804,1,26,8,3467.73
500123,102146,1,22,6,2672.05
500124,102731,6,17,5,4081.17
500125,101895,3,32,6,5354.86
500126,102773,1,15,3,1454.02
500127,101570,5,29,8,8834.16
500128,100960,5,33,13,9879.77
500129,102660,5,29,3,8540.3
500130,101485,6,10,3,2769.02
500131,102690,1,23,9,2271.95
500132,101028,4,33,5,8357.74
500133,100502,2,6,0,1060.9
500134,102814,5,24,5,5205.79
500135,100397,4,6,2,1312.6
500136,100870,4,33,5,6008.99
500137,102842,3,11,2,2186.4
500138,100392,1,16,5,2124.16
500139,100206,2,8,2,1021.63
500140,101038,8,30,6,12475.42
500141,101881,6,4,1,1223.91
500142,102939,1,20,8,2174.45
500143,101484,1,11,5,1516.64
500144,100863,1,29,12,3373.01
500145,102790,4,30,9,5839.15
500146,100563,5,16,4,4225.39
500147,101020,1,7,1,917.26
500148,100095,2,13,1,1716.9
500149,101923,5,14,1,3365.86
500150,101757,4,30,11,7907.19
500151,102532,2,20,4,3179.85
500152,102278,3,4,0,702.17
500153,102796,2,9,4,1359.49
500154,101678,1,9,1,916.27
500155,100540,3,21,3,3363.74
500156,101059,3,5,0,841.71
500157,102572,5,22,7,5922.05
500158,101183,3,4,1,642.27
500159,101722,4,9,2,1758.41
500160,101819,1,24,7,2385.78
500161,102625,2,17,7,2683.73
500162,102729,1,14,5,1497.85
500163,102604,1,4,1,557.84
500164,101597,4,10,4,2516.48
500165,102693,8,15,4,5218.56
500166,100795,1,14,2,1503.94
500167,101051,2,8,1,1281.11
500168,101643,5,16,1,3684.49
500169,101363,1,8,2,818.81
500170,101981,3,23,9,4861.21
500171,101354,4,25,7,5656.29
500172,101663,3,2,0,356.06
500173,101529,1,11,3,1470.28
500174,102038,2,17,8,2863.65
500175,101496,4,9,3,1734.8
500176,102237,3,26,11,3925.45
500177,101408,1,13,5,1516.98
500178,101400,4,26,12,5545.15
500179,101306,1,18,7,2131.51
500180,102680,4,27,10,6484.28
500181,102675,1,15,2,1924.82
500182,100972,7,24,2,10026.8
500183,101768,2,7,2,881.34
500184,101282,1,6,0,691.95
500185,100709,1,26,12,2919.45
500186,101479,1,19,4,2609.85
500187,101434,5,14,6,3274.04
500188,100648,8,15,3,5519.33
500189,100317,2,29,6,4260.59
500190,101257,2,19,9,2760.95
500191,100683,4,29,7,5814.85
500192,100663,6,28,7,7559.35
500193,101998,3,33,4,6945.68
500194,101631,2,10,3,1465.88
500195,101495,2,33,7,5665.47
500196,101136,3,21,7,3856.09
500197,101853,1,29,9,2854.42
500198,101520,3,34,13,7342.24
500199,102489,2,5,1,850.81
500200,100563,4,4,1,1045.09
500201,101291,1,27,6,3792.57
500202,101636,3,9,3,1845.95
500203,102999,2,7,1,909.85
500204,100698,3,17,5,3042.42
500205,102160,1,25,6,2656.5
500206,100001,3,31,13,5359.12
500207,100641,3,14,3,2075.1
500208,102267,3,6,1,1027.72
500209,101589,3,26,9,5588.5
500210,100854,3,21,7,3424.99
500211,101759,5,19,2,5501.32
500212,102432,1,19,5,2238.97
500213,101661,5,3,1,755.98
500214,101153,2,11,5,1951.83
500215,101076,1,13,4,1869.14
500216,101707,1,14,3,1717.48
500217,102777,1,12,2,1565.8
500218,101695,4,20,8,3792.44
500219,101733,4,27,11,5456.98
500220,101439,4,15,2,3918.7
500221,102294,2,25,4,3868.77
500222,100835,2,2,0,305.06
500223,100202,1,23,5,3033.77
500224,100122,1,24,5,2369.85
500225,100400,2,20,3,3101.01
500226,100766,1,19,3,2282.6
500227,100293,1,13,3,1780.1
500228,102327,3,29,11,4504.72
500229,102931,4,29,6,7555.91
500230,100197,8,34,7,11881.6
500231,101930,6,20,4,5245.98
500232,102799,3,29,8,5418.43
500233,102191,2,27,4,4333.84
500234,100608,3,17,5,2735.89
500235,101147,4,14,5,2611.7
500236,100186,1,24,2,3329.61
500237,102511,2,23,2,3099.78
500238,101794,5,17,2,4587.11
500239,100659,2,29,9,4557.72
500240,102811,3,9,3,1567.66
500241,101955,3,23,2,4278.56
500242,102450,1,22,10,2664.06
500243,101369,2,27,3,4754.22
500244,101986,1,22,9,2327.7
500245,101534,1,26,7,3389.81
500246,100146,1,2,0,214.91
500247,102911,5,7,2,1744.13
500248,101734,1,24,6,3077.79
500249,101843,2,24,10,3312.0
500250,100488,1,24,9,2668.24
500251,102976,7,33,9,12713.61
500252,101959,1,31,4,3083.94
500253,101663,2,14,2,2064.96
500254,102598,5,19,7,5924.95
500255,102385,5,24,7,7478.26
500256,102919,1,16,4,1592.26
500257,100640,5,34,12,7825.71
500258,101802,2,22,9,2990.06
500259,102520,2,24,8,4223.89
500260,101969,1,28,11,3871.88
500261,102198,1,19,7,2625.89
500262,101438,4,25,6,5212.96
500263,101634,2,8,1,1035.72
500264,100262,2,21,8,3570.52
500265,101787,4,28,7,6661.52
500266,102191,4,7,3,1608.79
500267,102393,1,28,3,4014.84
500268,100623,3,10,1,1910.86
500269,101016,1,32,15,3084.02
500270,100880,4,22,7,5453.91
500271,102049,3,27,6,4469.99
500272,102944,7,14,5,5220.24
500273,101327,1,24,8,3385.65
500274,102301,1,21,6,2151.37
500275,100452,1,29,4,2944.68
500276,101183,1,18,7,1820.48
500277,102056,1,29,12,3554.09
500278,101682,6,3,0,818.05
500279,102863,1,26,11,3250.83
500280,102255,1,7,3,913.12
500281,101154,4,12,3,2327.0
500282,100403,2,7,2,1106.38
500283,102199,4,12,3,2390.77
500284,102101,1,15,3,1791.74
500285,101696,2,3,1,522.96
500286,100627,1,4,1,546.45
500287,100586,1,34,12,3414.63
500288,101648,6,25,7,7270.73
500289,101443,1,20,3,2185.61
500290,101445,2,19,2,2284.04
500291,100103,2,25,6,4156.68
500292,100253,1,2,0,253.16
500293,102557,6,26,8,7057.3
500294,101496,1,26,6,3421.06
500295,100098,3,17,6,3123.26
500296,102200,7,30,6,10196.29
500297,101884,3,20,6,2893.92
500298,102961,6,24,7,5976.7
500299,101919,1,20,2,2767.78
500300,100877,2,26,3,4530.13
500301,100337,1,17,3,2077.2
500302,102869,4,10,4,2494.44
500303,100956,8,2,0,867.72
500304,101704,1,20,7,2062.17
500305,100160,3,34,16,5207.99
500306,101603,1,17,7,1883.54
500307,102848,3,19,3,3965.81
500308,100397,2,26,12,4361.95
500309,101300,7,7,0,2803.49
500310,100815,3,22,6,4591.9
500311,101527,1,7,3,742.59
500312,101919,1,33,11,3563.26
500313,101415,1,32,8,3229.89
500314,101158,1,11,2,1467.9
500315,101218,1,31,7,4291.59
500316,100400,5,19,5,4755.0
500317,100639,3,25,5,4717.19
500318,102735,2,10,4,1292.73
500319,100459,1,32,15,4500.3
500320,100954,5,16,7,4766.7
500321,100469,4,5,1,1309.53
500322,101045,1,10,3,1349.17
500323,102797,4,10,4,2535.65
500324,101693,2,27,11,3280.15
500325,102085,1,5,1,656.78
500326,102277,2,18,2,2518.76
500327,100562,2,17,2,2989.43
500328,102485,1,16,5,2152.12
500329,101799,7,6,2,2405.81
500330,102074,5,6,2,1753.91
500331,100225,3,21,4,3427.41
500332,100797,2,16,2,2675.88
500333,102331,2,19,4,2403.23
500334,102926,3,3,0,620.39
500335,100959,2,30,4,5145.47
500336,101504,1,14,5,1493.48
500337,100452,2,5,1,844.98
500338,100815,5,11,4,2814.59
500339,100658,2,32,7,4425.97
500340,100546,1,9,2,1207.59
500341,101215,4,4,1,784.11
500342,100016,1,10,4,971.36
500343,101243,1,31,3,3263.38
500344,102205,1,12,5,1341.08
500345,102524,1,14,3,1924.85
500346,101069,4,14,6,3655.21
500347,102565,2,13,5,1777.72
500348,102146,1,11,2,1394.7
500349,101768,5,10,3,2495.67
500350,101060,5,8,1,2480.32
500351,102327,5,3,1,791.3
500352,102544,1,24,6,3386.0
500353,100301,2,22,6,2792.25
500354,100180,8,24,9,11976.66
500355,100606,4,30,12,5751.42
500356,100699,1,15,2,2133.02
500357,100992,1,27,9,2936.04
500358,101139,2,6,1,759.02
500359,100190,6,32,7,9348.72
500360,102300,2,26,9,4256.53
500361,100980,2,32,8,4442.26
500362,102975,1,21,5,2627.06
500363,102006,3,18,7,3254.8
500364,101184,5,3,0,744.18
500365,100127,2,26,9,4019.48
500366,102065,4,14,2,2777.82
500367,101816,7,29,3,10997.67
500368,101758,1,7,1,672.57
500369,102613,2,4,1,702.14
500370,100569,1,19,7,2315.07
500371,101346,4,12,1,2871.72
500372,101895,3,21,2,4145.83
500373,102733,3,6,2,1153.71
500374,100625,4,20,2,4161.03
500375,102901,2,23,10,2856.56
500376,101686,6,20,3,6394.17
500377,100154,2,17,6,2376.8
500378,102537,1,25,5,2776.7
500379,101409,3,5,2,1025.29
500380,100784,4,16,6,3829.41
500381,100245,1,26,6,2870.8
500382,101500,5,15,1,3602.48
500383,101705,6,20,7,5780.14
500384,102806,1,8,2,922.52
500385,100537,8,31,3,11955.77
500386,101890,1,20,2,2042.2
500387,101841,1,26,11,3020.72
500388,100920,1,17,3,2399.34
500389,102455,6,9,3,2891.5
500390,100524,3,19,5,3971.04
500391,102875,1,29,12,3640.8
500392,101529,2,17,7,2346.97
500393,102950,3,20,9,3669.03
500394,100035,1,18,2,1728.35
500395,100684,6,14,6,3842.02
500396,100019,5,8,1,2021.67
500397,102368,2,28,9,4334.37
500398,102559,7,11,3,4088.25
500399,100399,2,26,2,3845.38
500400,102701,8,7,3,2871.98
500401,100971,3,25,3,3984.66
500402,101906,3,19,7,3383.32
500403,102518,1,24,9,3342.16
500404,101166,6,7,2,2348.66
500405,101115,2,30,4,3905.44
500406,100833,1,26,7,2601.82
500407,101823,1,18,7,2173.35
500408,102774,3,25,5,4739.29
500409,101982,2,12,3,1681.34
500410,100853,4,27,5,6696.57
500411,100050,6,29,8,9573.96
500412,100574,1,4,1,513.18
500413,101148,4,12,3,2349.22
500414,102197,1,15,4,1583.37
500415,102361,5,27,7,5684.59
500416,102617,5,22,6,5136.2
500417,102352,2,31,3,4603.75
500418,101715,4,9,1,2256.99
500419,100681,1,21,5,2089.41
500420,100837,2,33,11,4780.59
500421,101077,5,23,6,6290.4
500422,102491,2,8,1,1053.33
500423,102660,2,10,2,1617.81
500424,102311,2,2,0,299.33
500425,101595,5,30,14,7001.23
500426,100004,1,9,2,1147.42
500427,101126,1,5,0,481.33
500428,101219,4,4,0,968.34
500429,100773,5,8,3,2304.68
500430,100876,1,28,5,2831.25
500431,100991,1,2,0,232.81
500432,102931,1,28,3,2924.39
500433,100046,1,17,7,2413.7
500434,102914,2,8,3,1208.62
500435,102870,4,24,7,4330.06
500436,102983,3,12,1,1943.31
500437,102703,3,34,6,6972.73
500438,100268,2,18,4,2652.98
500439,100369,5,6,1,1748.08
500440,100635,2,33,7,5281.8
500441,101129,7,4,0,1673.22
500442,101693,3,15,5,2803.09
500443,101682,1,32,9,4531.26
500444,100656,3,32,6,6661.85
500445,100119,1,18,2,2257.33
500446,100830,3,25,12,4894.69
500447,101810,1,24,7,2885.5
500448,101081,1,19,7,2581.48
500449,101974,5,15,4,3974.68
500450,101369,1,16,1,2225.06
500451,100740,5,16,3,4565.44
500452,100116,1,7,1,831.49
500453,101853,3,28,12,4554.53
500454,102838,3,16,5,2588.82
500455,101150,2,9,1,1424.34
500456,101931,1,16,7,2124.14
500457,101012,1,4,0,484.09
500458,101664,1,14,6,1765.17
500459,101081,1,25,12,2729.52
500460,100633,3,33,5,4936.1
500461,100512,6,33,7,9051.48
500462,102849,5,31,9,7324.01
500463,101119,4,14,5,2857.88
500464,101141,4,2,0,447.07
500465,100559,3,16,7,2463.41
500466,100487,1,15,5,1606.51
500467,100896,6,30,5,9698.22
500468,101212,3,19,2,3702.38
500469,100703,3,8,3,1189.0
500470,101470,1,30,4,3466.94
500471,100580,2,32,13,4881.81
500472,102837,2,26,5,3768.61
500473,102908,5,15,3,3442.66
500474,102294,2,9,0,1306.88
500475,100153,2,28,10,4880.13
500476,101679,7,3,0,1085.31
500477,100996,1,18,7,2328.93
500478,102744,2,15,4,2571.06
500479,101243,1,26,10,3451.46
500480,101092,4,31,10,6493.68
500481,101008,6,30,3,7221.23
500482,102141,1,21,8,2370.57
500483,101773,5,22,2,6299.95
500484,100957,1,23,6,3150.21
500485,100452,6,17,2,6025.0
500486,101227,4,18,7,3831.73
500487,102959,5,17,7,4857.61
500488,102265,1,3,0,366.64
500489,102521,7,5,1,1822.28
500490,102479,4,22,8,4298.96
500491,102388,1,31,3,3302.5
500492,100550,5,7,3,1773.29
500493,101635,1,18,3,1753.08
500494,101312,5,26,12,6316.89
500495,101757,1,6,2,771.59
500496,100356,4,6,2,1269.48
500497,102070,2,21,7,2727.96
500498,101785,1,17,4,2013.39
500499,102569,1,10,3,1021.26
500500,101781,1,6,0,755.21
500501,102849,2,3,1,364.85
500502,102809,1,10,3,1149.13
500503,102489,3,23,10,4246.63
500504,101631,1,23,6,2237.92
500505,102816,1,23,3,2917.6
500506,101015,4,30,6,5638.25
500507,101348,1,34,12,4017.49
500508,100515,6,19,3,4674.65
500509,102839,5,8,1,1979.41
500510,100335,3,2,0,318.48
500511,101782,3,34,11,5696.12
500512,102305,6,2,0,662.7
500513,100496,1,25,5,2854.95
500514,100895,1,5,1,660.48
500515,102207,1,5,1,679.66
500516,100851,4,19,7,3765.8
500517,101687,1,28,3,2798.08
500518,101931,3,33,14,4798.05
500519,102737,8,34,10,14505.16
500520,102427,5,29,7,9047.72
500521,101568,2,7,2,986.98
500522,100956,1,17,5,2162.52
500523,102738,5,24,3,6941.96
500524,101636,3,25,10,4773.16
500525,101291,1,14,2,1850.84
500526,101440,1,19,8,2690.05
500527,101191,6,14,5,3694.93
500528,101066,3,18,4,2618.41
500529,100284,5,16,6,3581.56
500530,102444,5,19,4,4201.41
500531,100011,3,24,3,4612.82
500532,101630,2,31,15,4768.98
500533,102546,2,5,1,665.39
500534,100753,1,4,1,518.3
500535,102082,2,8,2,1328.11
500536,102774,4,19,4,3624.54
500537,102896,3,8,3,1501.77
500538,100089,6,7,1,2308.26
500539,100775,2,23,5,2918.06
500540,102652,3,2,0,405.98
500541,101625,3,5,1,1067.3
500542,100417,3,30,8,4553.49
500543,100114,4,22,3,3921.71
500544,100616,1,27,4,2996.3
500545,100825,2,15,3,2409.61
500546,101649,1,10,4,1419.92
500547,101516,2,13,1,1869.39
500548,100412,2,7,2,1140.31
500549,100728,3,21,8,3138.91
500550,102808,7,25,10,9417.15
500551,100675,3,28,12,5296.52
500552,101892,4,9,1,1664.71
500553,102504,2,2,0,332.7
500554,102967,3,25,7,5130.53
500555,102239,1,8,1,998.56
500556,102786,1,20,7,2036.21
500557,101122,2,23,8,4117.71
500558,101571,2,31,13,5175.7
500559,100977,1,30,3,3379.97
500560,101008,1,23,10,2680.93
500561,102143,1,12,2,1365.45
500562,101687,7,21,6,7367.52
500563,102710,1,30,8,3371.37
500564,100036,2,2,0,341.95
500565,101548,1,32,8,4335.1
500566,102326,3,31,14,4699.56
500567,102264,1,19,8,2700.24
500568,102914,1,18,8,2277.15
500569,100872,2,15,1,2545.84
500570,101821,1,24,10,3118.82
500571,101296,1,26,10,3039.49
500572,102109,1,16,2,2099.55
500573,100595,1,23,3,3273.88
500574,101903,1,4,0,435.86
500575,100728,1,20,2,2695.87
500576,101365,5,2,0,527.94
500577,100396,3,22,10,3933.86
500578,100698,2,30,8,4384.03
500579,102224,1,7,2,917.62
500580,101635,6,2,0,544.41
500581,100395,2,2,0,342.21
500582,102492,1,28,12,3804.5
500583,100075,3,22,7,3305.27
500584,100264,1,17,5,2351.41
500585,102502,1,27,6,2908.05
500586,101819,2,17,5,2514.0
500587,100717,5,29,3,7872.76
500588,102782,2,2,0,285.48
500589,100850,4,11,2,1963.78
500590,101390,8,18,8,8621.28
500591,100143,1,24,5,2513.48
500592,100884,1,8,1,849.45
500593,100395,2,8,3,1342.96
500594,102995,2,16,2,2246.73
500595,102938,2,5,2,864.1
500596,101492,6,15,7,4862.13
500597,101167,4,15,6,3004.67
500598,102616,3,17,1,2460.42
500599,101062,1,8,2,1132.06
500600,102156,5,33,12,7157.82
500601,101065,7,20,8,7616.21
500602,101209,5,3,0,776.44
500603,102982,1,11,3,1456.31
500604,102445,3,18,5,3487.03
500605,100633,1,13,2,1651.04
500606,101156,1,7,1,836.92
500607,101238,1,23,6,3083.4
500608,100732,3,33,14,4973.09
500609,100234,3,21,9,3359.05
500610,102705,1,2,0,258.41
500611,100750,2,7,1,968.61
500612,102635,2,20,4,3097.87
500613,100953,2,19,9,2819.52
500614,102539,1,7,3,850.39
500615,102960,2,34,15,4948.03
500616,101542,4,24,9,5799.42
500617,101197,1,24,5,2685.07
500618,101676,1,27,11,3502.9
500619,101191,2,14,3,1907.57
500620,102217,7,8,1,2521.57
500621,101416,3,16,6,2443.0
500622,102993,3,28,3,4420.25
500623,102842,2,27,3,3433.68
500624,102681,3,34,9,6207.79
500625,101217,1,16,4,2121.36
500626,101540,3,28,12,4405.26
500627,102076,6,6,0,1595.8
500628,101445,3,3,0,536.59
500629,102386,5,34,5,9634.13
500630,101519,4,17,1,4453.0
500631,101388,1,24,3,2908.38
500632,101856,6,17,6,4657.32
500633,101365,1,15,4,1512.38
500634,100499,2,30,12,3949.41
500635,101680,1,27,13,2886.82
500636,100510,1,16,5,1673.81
500637,100216,2,4,0,483.4
500638,101324,1,24,3,2919.32
500639,101155,2,30,13,4093.76
500640,101827,3,34,10,7281.07
500641,101810,1,24,10,2941.47
500642,102492,1,8,3,1035.81
500643,102923,3,4,1,612.37
500644,101205,1,33,15,4543.64
500645,102214,4,32,10,7014.31
500646,100090,3,19,4,3929.88
500647,100713,5,8,3,2141.62
500648,101881,3,2,0,355.59
500649,100038,2,15,1,2196.42
500650,100172,3,33,11,5190.05
500651,100652,1,7,2,689.26
500652,100753,1,11,5,1552.88
500653,101243,4,8,2,1744.32
500654,101081,2,27,6,4571.83
500655,101683,4,31,15,6549.13
500656,102523,5,22,9,4745.5
500657,100455,5,18,6,4922.32
500658,100828,6,34,7,8378.73
500659,100894,2,11,2,1418.47
500660,101384,1,13,4,1599.21
500661,101958,3,17,2,2819.89
500662,102434,2,33,6,5927.96
500663,101996,3,16,6,2440.46
500664,102395,4,28,8,6811.59
500665,100189,3,29,7,5441.99
500666,100504,2,18,2,3014.0
500667,101214,1,3,0,320.5
500668,101531,2,8,3,1210.83
500669,100823,1,14,2,1646.75
500670,100928,6,16,1,4690.02
500671,100933,1,26,9,3569.49
500672,101140,1,24,11,3444.52
500673,100133,1,23,7,2545.14
500674,102105,3,27,3,5095.28
500675,100684,3,34,7,6388.38
500676,102719,1,12,5,1578.29
500677,102220,1,11,2,1556.33
500678,101852,2,26,8,3444.15
500679,100814,1,25,6,2653.23
500680,101172,3,34,6,6512.73
500681,100079,3,18,7,2795.55
500682,102933,2,25,9,3260.72
500683,100202,1,3,1,298.81
500684,102811,8,33,6,11102.83
500685,101252,2,25,3,3675.76
500686,101699,3,10,3,1867.54
500687,101250,1,5,1,549.9
500688,101682,2,18,3,2409.99
500689,101555,1,18,2,2338.81
500690,102094,2,31,4,5027.56
500691,101256,7,12,5,4122.77
500692,101549,2,22,9,3547.35
500693,101166,1,22,10,3087.65
500694,101396,1,19,3,2542.5
500695,102703,2,30,14,4725.1
500696,100470,1,25,3,3193.42
500697,101035,1,11,3,1548.98
500698,101353,4,18,7,3841.42
500699,102783,2,19,4,2900.8
500700,102831,1,21,5,2668.82
500701,100967,6,19,2,6631.18
500702,100357,1,18,2,2442.21
500703,100667,7,10,3,2899.97
500704,100372,1,15,5,1559.46
500705,101031,6,30,12,8307.4
500706,101145,3,32,10,6333.6
500707,101371,5,5,1,1335.99
500708,102723,8,19,2,7305.24
500709,100089,1,21,3,2141.35
500710,102745,7,10,4,3764.15
500711,100539,2,14,1,2267.78
500712,102779,2,16,5,2824.97
500713,100868,1,28,4,3360.63
500714,100040,2,16,6,2394.04
500715,100739,1,29,11,2895.98
500716,101946,3,20,3,2937.4
500717,102549,2,27,5,3939.89
500718,101224,4,27,9,5517.84
500719,100928,5,26,6,6084.99
500720,102036,2,27,4,3387.95
500721,102508,1,27,10,3838.64
500722,102779,1,29,4,3947.65
500723,102799,1,19,8,2348.58
500724,100924,1,33,10,4674.05
500725,102956,1,4,0,575.92
500726,101581,1,3,1,384.81
500727,100389,7,34,10,10802.87
500728,101617,3,20,4,2937.93
500729,102930,1,18,4,2381.42
500730,100255,3,34,7,6047.79
500731,100708,1,13,2,1654.54
500732,101838,2,4,0,699.86
500733,101944,3,27,6,4240.81
500734,102497,2,9,1,1396.08
500735,100009,2,8,2,1264.7
500736,102871,8,17,6,7116.37
500737,100797,6,25,7,6273.73
500738,100876,3,2,0,338.11
500739,101028,3,26,11,4367.95
500740,101015,3,11,3,2114.75
500741,101824,1,17,5,2331.91
500742,100373,2,17,3,2376.4
500743,102193,1,9,4,1163.67
500744,100223,2,30,3,4118.79
500745,101262,2,29,6,5124.64
500746,102224,1,7,2,945.36
500747,101802,7,17,2,6069.23
500748,100852,6,21,3,6186.16
500749,100062,4,17,5,3462.52
500750,101240,2,8,2,1115.17
500751,102874,5,15,5,4633.49
500752,102842,1,27,11,3115.81
500753,100688,4,27,4,5974.68
500754,101484,1,15,1,2151.45
500755,101633,4,8,3,1870.99
500756,102152,1,34,7,4149.51
500757,100510,5,27,9,6776.4
500758,100384,7,21,3,6431.49
500759,100404,1,4,1,453.46
500760,102870,2,5,1,826.93
500761,100517,8,27,9,11908.85
500762,100475,2,12,3,1987.19
500763,102000,5,3,0,687.51
500764,102756,3,15,3,2753.16
500765,101668,2,31,3,5445.47
500766,101893,1,13,1,1521.38
500767,102818,1,27,7,3496.93
500768,101460,4,34,8,6347.31
500769,102724,2,14,4,2497.44
500770,100713,2,15,3,2347.98
500771,100082,2,25,9,3358.95
500772,101168,3,27,12,4195.89
500773,102504,5,22,4,5836.32
500774,101901,8,29,5,12434.57
500775,102048,2,3,0,376.78
500776,100050,5,10,3,3111.95
500777,100684,4,24,6,6152.11
500778,100716,3,16,2,2835.59
500779,101469,7,14,5,4150.23
500780,100448,1,24,3,3262.63
500781,100880,1,18,5,2158.6
500782,100487,5,3,0,847.58
500783,101823,2,21,8,3161.18
500784,102081,5,21,2,4965.16
500785,102142,6,4,1,1360.67
500786,101574,1,13,4,1859.67
500787,102201,6,3,0,807.74
500788,100249,2,15,2,2296.14
500789,100673,2,17,4,2431.26
500790,100437,3,20,8,4207.49
500791,102165,6,7,3,2106.92
500792,100770,1,14,4,1934.91
500793,100267,2,23,10,3952.36
500794,101984,3,19,1,3113.91
500795,101077,4,13,1,3191.77
500796,100235,3,31,14,5390.15
500797,100388,1,8,3,1126.75
500798,100762,1,33,9,3972.26
500799,101848,2,20,8,3384.66
500800,102448,5,7,3,1661.91
500801,100623,1,21,8,2316.94
500802,102814,1,28,12,3476.84
500803,102966,7,8,3,3358.77
500804,101252,1,6,1,717.02
500805,102900,8,12,5,4331.57
500806,100577,3,16,2,2924.44
500807,102122,5,4,1,975.57
500808,100434,1,6,1,734.95
500809,102150,1,24,8,2930.03
500810,100763,4,10,2,2160.7
500811,102785,5,16,2,3863.44
500812,102853,4,4,0,770.41
500813,101329,1,30,14,3884.4
500814,102145,4,7,3,1584.23
500815,102845,4,18,4,3537.96
500816,101358,3,27,13,5395.66
500817,102906,4,22,9,3956.5
500818,102482,5,9,3,2569.04
500819,100446,3,22,2,4285.08
500820,102017,1,12,5,1619.37
500821,101331,2,9,2,1288.48
500822,100248,1,25,11,3196.43
500823,100165,2,15,6,2538.67
500824,101358,2,15,6,2682.74
500825,101019,1,11,4,1317.53
500826,100541,1,13,2,1271.1
500827,100758,1,11,2,1321.21
500828,102128,5,18,4,4848.82
500829,102180,7,18,1,7231.64
500830,100796,1,4,1,551.84
500831,102947,7,32,12,10932.57
500832,100137,2,2,0,303.11
500833,102231,1,13,2,1533.12
500834,101353,1,5,1,653.39
500835,102832,2,14,1,2024.38
500836,101875,4,22,3,5139.66
500837,100068,4,23,2,4360.43
500838,102593,1,5,1,592.68
500839,102100,1,19,2,2707.91
500840,101473,2,6,2,841.88
500841,100204,1,20,3,2585.0
500842,102173,1,3,1,381.58
500843,100042,1,13,5,1779.5
500844,101906,5,18,8,5339.58
500845,102158,6,11,4,3774.33
500846,100760,2,7,3,999.6
500847,102895,6,9,3,2501.99
500848,102142,1,12,4,1565.98
500849,101994,2,13,2,2152.33
500850,101935,1,10,2,1378.74
500851,100899,3,3,0,439.75
500852,100359,7,9,3,2606.21
500853,102947,3,12,3,2273.32
500854,101719,2,11,4,1927.81
500855,100280,3,22,10,4747.92
500856,101887,1,21,5,2768.74
500857,100666,6,9,2,2628.69
500858,100092,2,30,14,3777.2
500859,100671,2,13,2,2054.32
500860,101969,3,15,6,3102.39
500861,100060,3,22,4,3870.79
500862,102681,1,23,8,2974.18
500863,101028,3,22,4,4599.02
500864,101489,1,31,14,3044.43
500865,100603,4,21,6,5167.27
500866,100681,5,25,4,5962.76
500867,102581,5,24,4,5927.6
500868,101428,3,8,2,1235.85
500869,102885,2,10,4,1518.7
500870,102692,1,2,0,246.33
500871,102280,4,27,7,6635.03
500872,100523,1,23,5,2395.66
500873,102393,2,11,3,1372.12
500874,102593,1,7,2,964.6
500875,101968,1,18,7,2263.43
500876,101101,3,25,5,4033.49
500877,101753,1,11,4,1537.97
500878,101836,4,9,3,1697.35
500879,102841,1,22,10,2598.97
500880,102296,1,7,3,757.34
500881,102094,2,22,9,2977.03
500882,101144,1,25,9,2411.28
500883,102261,1,34,7,4577.16
500884,102286,4,19,8,4850.82
500885,101079,1,29,7,3727.23
500886,102397,5,33,6,7406.17
500887,100106,1,13,3,1523.64
500888,102878,1,28,12,3152.44
500889,100047,4,11,1,2504.77
500890,100336,1,33,9,4180.08
500891,101049,1,27,8,3141.9
500892,102851,2,26,2,3510.15
500893,101280,1,12,2,1638.9
500894,102055,5,24,10,5489.25
500895,100624,1,24,10,2747.17
500896,101890,4,30,6,6555.67
500897,101276,6,32,14,8590.87
500898,101715,2,8,3,1234.52
500899,102766,6,34,9,10505.23
500900,100302,2,22,8,3950.35
500901,100638,7,3,1,964.0
500902,100055,1,19,5,2715.89
500903,100725,3,34,6,6507.35
500904,100525,2,21,10,2865.85
500905,100473,2,19,6,2925.16
500906,100027,3,25,3,4834.44
500907,102125,4,9,2,2173.78
500908,100364,1,31,9,3048.98
500909,102713,1,11,4,1376.18
500910,100525,4,24,7,5273.09
500911,102746,3,12,2,2509.19
500912,101335,7,3,1,960.2
500913,100882,4,27,8,6650.09
500914,101030,7,34,6,12409.63
500915,101026,4,14,4,2898.06
500916,101646,1,26,11,3290.5
500917,100918,1,5,0,629.01
500918,102797,4,20,7,4712.87
500919,102410,3,19,4,3722.23
500920,101774,1,31,6,3956.86
500921,101531,2,20,5,3406.0
500922,102853,7,24,5,8830.91
500923,102786,2,17,7,2961.47
500924,101906,2,2,0,317.56
500925,101215,2,13,5,1800.97
500926,101654,1,25,3,2928.99
500927,100484,2,9,4,1392.97
500928,102075,2,19,6,3114.89
500929,100713,1,6,2,601.96
500930,101062,4,27,5,5453.18
500931,101976,2,31,8,5110.31
500932,101296,5,14,2,3167.73
500933,101254,5,20,9,4434.89
500934,102133,1,30,8,3656.75
500935,100125,3,4,1,855.79
500936,102859,2,27,10,4099.98
500937,100536,6,13,3,4545.04
500938,102192,1,3,1,407.59
500939,102072,3,12,4,1950.02
500940,101603,3,29,11,5897.95
500941,100066,1,19,5,2263.45
500942,100232,1,14,3,1885.96
500943,102156,3,23,4,4548.3
500944,101169,4,13,5,2675.49
500945,102158,1,3,1,304.58
500946,102275,3,8,2,1706.63
500947,100110,2,27,12,3468.03
500948,101493,4,27,3,7048.4
500949,102081,1,25,11,3432.17
500950,100622,6,13,6,4249.78
500951,102795,1,17,7,2431.63
500952,102642,2,24,10,4272.87
500953,102472,1,10,2,1346.2
500954,102660,1,33,6,3747.39
500955,101541,2,16,6,2679.05
500956,102739,1,14,3,1353.35
500957,101305,5,6,1,1582.82
500958,101761,1,12,4,1413.96
500959,101975,2,11,2,1764.07
500960,102362,1,14,6,1795.81
500961,100876,1,16,6,1984.94
500962,101989,1,8,3,1083.81
500963,101312,2,29,11,5116.11
500964,101460,2,33,14,4174.53
500965,102709,2,16,6,2144.47
500966,102324,2,22,7,2673.03
500967,101733,3,7,1,1453.65
500968,101605,1,2,0,245.9
500969,101526,2,5,2,874.58
500970,102671,7,12,3,3731.9
500971,102563,2,27,3,3342.41
500972,102890,3,24,8,4879.62
500973,102397,1,30,3,4189.52
500974,101630,4,22,10,4457.04
500975,102870,4,28,13,5934.04
500976,101160,2,14,2,1797.41
500977,100758,7,24,8,9899.44
500978,102946,1,17,2,1880.36
500979,100242,1,31,12,3709.03
500980,102590,4,5,1,922.76
500981,101063,5,17,6,5104.67
500982,100228,1,32,7,3280.38
500983,102595,1,26,4,3062.15
500984,100919,1,13,3,1666.38
500985,101246,1,27,3,3555.11
500986,100005,4,34,11,8814.35
500987,100467,2,29,3,4209.28
500988,101755,1,10,3,1316.29
500989,100074,2,13,5,1680.53
500990,100003,1,6,2,695.49
500991,101870,1,29,13,2921.84
500992,100645,3,6,2,1075.4
500993,100117,7,14,1,4719.91
500994,102928,5,15,2,4604.37
500995,101629,1,12,3,1170.84
500996,102551,6,5,2,1422.32
500997,102021,4,34,16,7310.6
500998,100946,4,8,0,2077.19
500999,102621,2,9,2,1541.94
501000,101464,2,11,2,1385.57
501001,100193,1,16,6,2062.6
501002,100846,1,16,5,1954.15
501003,102762,1,6,0,857.62
501004,101415,1,30,8,3396.49
501005,101458,2,20,7,2877.77
501006,102220,4,11,4,2119.73
501007,101668,2,13,1,1655.28
501008,102373,1,5,2,683.53
501009,101433,7,32,10,10997.13
501010,101141,7,19,8,7082.96
501011,102883,4,17,7,3951.99
501012,101810,8,26,4,11344.33
501013,100723,2,24,3,2910.75
501014,100224,7,13,5,5071.97
501015,100531,1,4,0,430.77
501016,100112,2,10,4,1275.55
501017,102187,1,19,7,2338.9
501018,100558,1,15,6,1489.4
501019,102048,1,5,1,663.64
501020,102137,3,30,6,4767.46
501021,100653,4,16,5,3120.06
501022,100319,3,29,3,5991.92
501023,101573,1,17,6,1900.1
501024,101828,5,13,5,2903.49
501025,101917,3,6,1,1253.03
501026,100138,2,2,0,240.34
501027,102892,3,33,5,6791.57
501028,102026,1,27,6,2779.52
501029,102306,1,18,8,1840.31
501030,100901,6,28,13,7562.2
501031,100689,1,25,7,2609.4
501032,102039,2,27,12,4310.91
501033,100009,6,24,7,5834.25
501034,100260,4,23,4,4078.08
501035,101942,1,5,1,669.6
501036,101673,1,10,4,1074.21
501037,102219,1,5,0,557.71
501038,102945,3,8,2,1252.37
501039,102060,2,24,7,2955.45
501040,101191,1,3,1,394.81
501041,101619,7,25,7,8841.3
501042,100320,2,32,6,5271.68
501043,101342,1,32,5,3803.51
501044,101636,2,25,8,4167.03
501045,102376,3,27,10,4885.73
501046,102832,1,17,5,1720.99
501047,102824,1,14,5,1682.58
501048,101994,5,16,2,4901.17
501049,102958,2,28,12,3432.85
501050,101943,2,5,1,834.97
501051,102038,2,17,2,2924.32
501052,101118,1,31,8,3751.92
501053,101604,1,31,13,3657.57
501054,102365,2,4,1,711.37
501055,100235,1,23,4,2275.15
501056,101969,1,23,8,2736.8
501057,100333,5,13,1,3246.99
501058,101908,8,22,2,9927.82
501059,100375,4,5,1,1095.72
501060,101160,5,32,12,9683.48
501061,102635,1,32,13,3184.88
501062,101570,7,24,5,6991.46
501063,102560,1,21,2,2629.16
501064,101319,7,16,4,4627.13
501065,102965,8,24,2,9172.86
501066,101855,4,29,3,6719.61
501067,101372,8,17,3,7278.11
501068,100872,3,22,6,3683.09
501069,101252,1,16,3,2299.87
501070,102317,2,18,5,2733.0
501071,101851,3,14,1,2473.35
501072,102845,1,20,3,2501.21
501073,101314,3,31,11,4685.37
501074,100724,8,19,2,8624.08
501075,102052,1,15,5,2054.01
501076,102898,4,21,2,4898.89
501077,100077,6,20,5,6645.51
501078,102621,7,8,1,3047.34
501079,100131,7,5,0,1550.52
501080,100600,2,3,0,441.28
501081,101772,7,6,2,1871.93
501082,101065,4,11,1,2264.09
501083,102136,1,33,8,3886.34
501084,102449,2,14,5,2029.43
501085,102343,4,6,1,1106.21
501086,101863,1,11,4,1281.33
501087,101318,3,11,1,2110.77
501088,100615,3,28,13,4786.59
501089,102847,1,22,5,2273.19
501090,102469,3,9,2,1894.09
501091,101888,4,2,0,363.82
501092,101046,2,29,9,4927.28
501093,100574,1,15,4,1507.13
501094,102190,1,22,8,2213.97
501095,100992,2,31,10,5094.16
501096,102712,6,22,3,7423.07
501097,102192,1,10,3,1227.06
501098,101248,3,18,2,3352.06
501099,100502,1,6,2,737.74
501100,101997,1,32,15,3578.34
501101,100820,5,20,5,4414.24
501102,102151,4,34,9,7041.97
501103,101970,1,14,1,1791.11
501104,100197,2,15,1,2475.26
501105,101669,1,34,15,4680.73
501106,102626,2,30,4,4897.91
501107,102438,3,11,3,2350.97
501108,101202,1,32,13,3994.23
501109,102601,1,7,3,790.15
501110,101471,2,2,0,309.35
501111,101646,6,8,2,2124.23
501112,101692,8,28,10,12497.29
501113,101312,1,22,10,2348.8
501114,102035,4,29,9,5380.17
501115,100477,2,17,5,2902.28
501116,101254,2,24,2,3409.29
501117,100922,4,21,2,5105.3
501118,100419,6,26,8,8031.19
501119,102204,7,29,13,11397.32
501120,102597,3,6,2,1229.11
501121,101120,2,22,10,3926.4
501122,100950,4,19,5,4712.41
501123,102336,1,7,2,878.16
501124,101277,3,30,13,5708.23
501125,102243,2,20,7,2431.5
501126,102645,3,34,8,7170.4
501127,101857,1,2,0,271.63
501128,100516,1,4,1,435.35
501129,101658,6,22,4,5756.3
501130,101865,1,4,1,518.92
501131,102912,2,26,4,3602.02
501132,101141,1,21,8,2358.54
501133,102853,1,22,7,2118.45
501134,101932,1,24,9,3306.08
501135,100814,1,7,1,862.28
501136,102275,5,14,6,3495.54
501137,101900,1,24,8,2467.44
501138,102263,7,10,2,3686.44
501139,102995,3,18,6,2631.73
501140,102062,2,3,0,494.3
501141,102094,3,20,4,3189.79
501142,102371,2,20,5,2903.8
501143,102891,4,8,3,1647.99
501144,100129,1,21,6,2389.01
501145,100094,2,10,3,1632.96
501146,102674,6,18,4,5997.96
501147,102802,7,28,5,10064.97
501148,101955,6,3,1,750.58
501149,100793,2,20,6,2463.13
501150,101834,4,18,8,3417.34
501151,102116,2,6,1,942.42
501152,101683,2,19,3,3048.32
501153,100010,1,8,3,872.49
501154,101865,3,18,6,3449.87
501155,102919,1,5,0,596.56
501156,102597,1,26,5,3047.67
501157,100711,5,6,2,1418.46
501158,102070,1,31,8,4099.36
501159,100814,1,13,4,1319.02
501160,100345,1,5,1,583.18
501161,102349,7,25,6,7991.36
501162,100362,2,30,14,4821.28
501163,102443,2,10,1,1491.98
501164,102265,5,5,1,1386.91
501165,102188,5,25,10,5318.09
501166,100984,1,15,2,1724.59
501167,101639,3,6,1,1122.91
501168,100827,4,19,6,3356.85
501169,102730,3,20,5,3314.04
501170,100355,1,13,3,1379.81
501171,101347,5,19,4,4223.18
501172,102935,2,18,6,2435.96
501173,101863,1,31,10,3464.25
501174,100126,2,25,9,3011.59
501175,100603,1,12,1,1582.28
501176,101928,1,24,8,2506.4
501177,101013,4,18,8,3770.25
501178,100050,1,2,0,259.55
501179,102826,2,16,6,2400.25
501180,101430,2,33,10,5610.04
501181,101792,1,10,4,1346.98
501182,102861,7,16,7,4641.45
501183,101636,1,29,5,3983.58
501184,101645,1,25,6,2450.76
501185,102467,1,23,5,2228.69
501186,101205,1,28,7,3926.04
501187,102872,1,20,3,2747.63
501188,101854,4,13,5,2946.67
501189,100566,7,21,2,7565.8
501190,102418,1,2,0,260.11
501191,100935,3,22,8,3829.63
501192,101934,4,2,0,372.27
501193,102708,5,11,5,2311.86
501194,101332,2,33,14,4603.04
501195,100201,1,23,6,3092.66
501196,102360,1,19,5,2387.73
501197,100116,4,33,6,8224.2
501198,100936,5,28,10,8502.37
501199,100574,1,29,4,2906.68
501200,102291,2,19,7,3242.71
501201,100536,6,30,13,8075.94
501202,101625,5,19,3,5115.61
501203,102122,8,9,4,3816.23
501204,100385,4,32,3,6746.48
501205,100474,2,8,3,1108.93
501206,100417,3,19,2,3200.45
501207,102394,3,10,3,1679.81
501208,102687,1,10,2,1040.7
501209,100938,2,9,3,1355.66
501210,100954,4,19,5,3534.65
501211,100875,1,6,0,722.87
501212,100762,4,15,4,3835.82
501213,101202,3,29,7,4905.5
501214,101205,7,31,11,11836.83
501215,100663,1,5,2,676.55
501216,100024,1,21,5,2837.56
501217,101990,3,26,5,4186.3
501218,101203,1,29,3,2987.85
501219,100709,4,13,4,2513.68
501220,101879,4,3,0,687.03
501221,101184,1,15,3,1987.36
501222,102224,2,23,3,3664.6
501223,100284,2,32,8,4180.12
501224,100062,2,24,11,3992.9
501225,101002,6,21,4,6285.17
501226,100661,5,5,1,1432.31
501227,102713,3,16,6,3179.38
501228,102203,4,25,9,5387.59
501229,101492,2,26,6,4561.68
501230,100966,6,2,0,615.48
501231,100848,3,8,3,1517.93
501232,101107,4,32,3,7390.65
501233,100688,5,13,3,3872.46
501234,100147,1,6,1,756.64
501235,100341,5,13,3,2908.09
501236,102523,1,19,5,1886.28
501237,101086,1,3,1,351.68
501238,101724,1,11,1,1215.89
501239,101383,7,16,4,5095.27
501240,102608,5,31,10,6629.1
501241,100326,4,18,5,3971.62
501242,101792,4,5,1,1016.58
501243,101759,3,8,2,1412.3
501244,100989,7,32,15,9214.87
501245,102262,2,7,2,1189.31
501246,102482,2,16,5,1993.66
501247,100951,1,15,6,2062.26
501248,100722,4,7,1,1758.86
501249,102079,4,33,4,7593.98
501250,102717,2,4,1,601.7
501251,102332,1,4,1,472.84
501252,100428,5,23,10,6109.92
501253,101500,1,23,11,3082.17
501254,100285,4,11,2,2803.21
501255,102065,7,4,1,1371.85
501256,100768,2,13,3,2191.66
501257,102637,1,30,6,3818.65
501258,101394,4,18,7,3677.3
501259,100193,5,8,3,2059.72
501260,102549,2,14,4,1806.72
501261,100987,7,3,0,865.99
501262,101136,1,5,1,504.84
501263,102161,2,11,2,1913.42
501264,101701,4,25,10,5155.56
501265,100946,5,18,2,5081.2
501266,100830,1,7,2,841.53
501267,101920,5,20,7,4518.92
501268,102972,3,6,2,971.03
501269,100054,2,33,9,4826.76
501270,100799,1,11,4,1288.01
501271,100777,5,10,3,2623.66
501272,101481,1,28,11,2901.35
501273,101901,1,14,3,1594.56
501274,102209,1,20,5,2191.58
501275,102134,5,22,7,5511.26
501276,100054,3,25,3,4209.06
501277,101823,4,5,1,1143.07
501278,101201,1,25,12,3347.07
501279,100832,3,4,0,762.42
501280,100312,3,5,1,743.73
501281,102806,5,32,7,6970.52
501282,101858,6,26,9,8356.54
501283,102007,1,14,1,1534.95
501284,102006,3,5,1,980.54
501285,102490,1,15,2,1912.73
501286,101790,2,14,1,2441.33
501287,100327,1,28,10,3861.69
501288,102808,1,7,1,784.01
501289,102626,2,18,8,2789.36
501290,101287,3,18,2,2775.29
501291,102143,1,3,0,338.37
501292,101111,4,14,2,3656.2
501293,101311,2,3,0,485.73
501294,102861,1,29,14,3329.61
501295,102538,4,27,12,6165.82
501296,100451,1,23,2,3243.55
501297,101523,2,4,1,554.3
501298,100164,3,13,4,2224.57
501299,100181,1,25,4,3349.99
501300,102516,1,6,0,810.2
501301,100909,2,21,9,3364.35
501302,102782,7,14,6,5544.76
501303,100822,3,13,6,2563.49
501304,100943,3,14,5,2706.9
501305,102001,3,11,4,2000.9
501306,102054,1,34,8,4318.31
501307,100329,2,17,2,2471.87
501308,100774,4,4,0,831.36
501309,102198,1,6,2,680.43
501310,100146,1,27,11,2825.62
501311,100914,1,12,5,1275.37
501312,101571,2,8,3,1414.88
501313,101308,8,11,4,4594.63
501314,102747,1,4,1,427.5
501315,100081,2,9,1,1154.29
501316,100513,1,32,12,3190.53
501317,101920,7,12,4,4778.64
501318,102862,1,8,1,806.84
501319,102756,2,3,1,498.76
501320,101939,4,7,3,1746.43
501321,100745,4,33,4,8374.21
501322,101409,2,21,2,2567.56
501323,100706,1,17,6,1906.8
501324,100470,2,26,8,4315.44
501325,100395,1,13,6,1329.77
501326,101555,1,8,1,912.66
501327,102308,2,18,2,2335.23
501328,100804,1,12,2,1630.85
501329,100933,1,7,0,931.09
501330,101279,3,24,2,4854.03
501331,101757,7,28,13,8488.91
501332,100904,3,7,1,1228.59
501333,101076,1,3,0,347.16
501334,102987,1,23,2,2954.7
501335,101890,7,21,4,6578.34
501336,101523,1,26,10,3050.36
501337,102901,1,16,5,1754.82
501338,101387,3,30,12,5936.84
501339,101303,3,9,2,1586.91
501340,100592,3,34,7,6203.26
501341,102761,1,23,6,2549.65
501342,102679,1,6,1,808.88
501343,102106,7,19,8,6567.58
501344,100127,1,31,6,4218.65
501345,100735,3,32,11,5455.51
501346,102768,4,11,1,2852.82
501347,102573,3,16,5,3438.07
501348,100520,1,19,8,2245.05
501349,102599,1,24,8,2628.6
501350,100236,3,34,11,5830.82
501351,101304,5,17,8,4468.55
501352,101781,7,29,10,12043.05
501353,101301,1,3,0,405.63
501354,102541,1,31,6,4168.27
501355,102051,7,14,5,4191.26
501356,102713,4,17,6,3366.0
501357,100441,6,6,1,1901.65
501358,102076,1,29,6,4000.77
501359,102657,3,21,10,3862.47
501360,100804,4,25,3,4625.7
501361,100074,3,28,7,5737.32
501362,102885,2,31,3,5303.17
501363,102175,1,28,11,3071.12
501364,102089,3,27,3,5371.5
501365,101379,1,8,2,872.75
501366,100040,2,6,0,1045.91
501367,102981,7,24,8,7215.09
501368,102081,2,29,12,4241.2
501369,101700,5,16,4,4902.83
501370,101401,1,33,10,3519.71
501371,100587,3,27,7,4764.99
501372,101622,7,32,7,10526.14
501373,100341,1,20,8,1945.6
501374,102074,1,10,2,985.56
501375,100645,2,30,11,4503.61
501376,100730,1,5,0,536.59
501377,100167,4,4,0,1054.07
501378,100609,6,30,7,8549.69
501379,102315,2,12,4,1460.3
501380,101772,1,34,9,4783.11
501381,102040,2,12,4,2044.21
501382,102868,4,28,5,6529.5
501383,100454,1,34,3,4555.53
501384,102953,3,22,9,3385.96
501385,101708,3,32,13,5268.97
501386,102969,3,3,0,611.23
501387,100701,1,28,9,3623.52
501388,102681,4,12,3,2258.57
501389,101599,1,19,7,2467.45
501390,100129,1,2,0,235.07
501391,101845,5,32,14,6673.48
501392,101386,4,29,11,5306.18
501393,102866,1,2,0,216.57
501394,100692,1,26,11,3538.03
501395,101394,1,21,6,2569.19
501396,100793,1,4,0,523.63
501397,100028,1,3,0,364.0
501398,100148,1,19,9,1925.4
501399,101319,2,11,5,1510.15
501400,102058,4,6,0,1215.01
501401,102723,3,10,3,1474.38
501402,101136,3,3,1,522.68
501403,100186,1,32,6,4291.43
501404,102854,7,11,3,3783.95
501405,102791,5,13,4,2853.88
501406,101250,5,22,6,6646.98
501407,101333,5,7,1,1890.43
501408,100097,6,4,1,967.89
501409,100054,2,11,5,1660.15
501410,102670,1,6,2,645.68
501411,102711,3,27,11,4167.11
501412,100757,4,22,5,4703.01
501413,100405,4,27,4,6212.79
501414,102116,2,27,9,3629.71
501415,101312,1,9,2,1043.96
501416,101785,2,6,2,959.17
501417,100750,6,16,2,4004.38
501418,101762,3,17,4,3640.98
501419,100364,2,2,0,248.12
501420,102026,1,17,8,2061.26
501421,100481,2,4,0,601.76
501422,102248,6,32,3,11475.19
501423,100153,3,14,2,2574.59
501424,101524,4,17,7,3576.12
501425,102120,2,22,4,3260.58
501426,102760,3,3,0,569.3
501427,102343,1,28,4,4006.52
501428,101040,4,27,10,5354.67
501429,101664,2,26,3,3145.34
501430,101240,2,12,2,2007.73
501431,100060,3,9,1,1519.43
501432,100938,6,9,2,2951.58
501433,101639,1,34,13,4289.32
501434,102089,5,8,2,2305.89
501435,100024,1,22,10,2888.36
501436,101062,2,9,4,1259.56
501437,100130,1,22,5,2158.82
501438,101252,1,21,8,2566.38
501439,100107,2,9,3,1519.29
501440,100171,1,32,14,3340.94
501441,101458,2,30,8,5002.46
501442,100101,6,10,3,2957.55
501443,102913,1,16,4,2070.06
501444,102571,4,31,13,7179.38
501445,102322,2,27,5,4554.63
501446,101636,3,11,2,1633.98
501447,102864,1,30,7,3997.71
501448,101040,1,17,3,2005.47
501449,100329,1,21,6,2311.79
501450,101520,1,23,3,2256.36
501451,100011,1,8,1,844.6
501452,101341,3,24,11,3528.41
501453,100215,6,30,7,10560.14
501454,100338,5,17,6,4447.2
501455,101799,3,29,4,6241.29
501456,102708,1,32,6,3906.1
501457,101750,1,15,6,1622.39
501458,101508,1,34,13,4493.37
501459,102421,1,10,2,1051.73
501460,100709,2,28,13,3959.72
501461,101223,2,25,11,4171.26
501462,102513,2,14,6,2407.27
501463,101112,2,27,7,3777.72
501464,101291,5,30,5,6628.36
501465,100488,4,29,10,6043.18
501466,101561,1,29,10,4022.17
501467,100046,6,9,1,2962.77
501468,100777,7,24,9,9725.98
501469,101039,1,30,3,3436.77
501470,100710,2,6,1,1070.54
501471,100400,2,8,1,1198.18
501472,101817,7,28,11,9790.29
501473,100249,5,3,0,912.38
501474,100390,1,26,11,3144.06
501475,100334,2,10,3,1680.69
501476,100628,3,28,11,5497.8
501477,100136,2,2,0,249.47
501478,102930,1,24,8,2998.03
501479,102735,5,11,5,3228.76
501480,101521,3,26,2,4765.13
501481,100826,5,4,0,965.62
501482,100726,5,7,1,1514.29
501483,101500,4,7,1,1639.13
501484,102641,2,3,1,415.17
501485,100989,3,19,2,3560.39
501486,102419,1,24,7,2794.89
501487,100934,3,3,0,580.99
501488,100401,1,13,4,1467.37
501489,101466,3,23,6,3382.14
501490,100614,1,21,8,2893.0
501491,101296,1,25,3,2823.07
501492,101182,1,21,4,3022.14
501493,102667,1,2,0,218.36
501494,102235,4,2,0,524.48
501495,101121,4,18,4,4669.48
501496,100130,2,2,0,249.0
501497,102852,1,31,8,3924.62
501498,101194,1,4,1,453.76
501499,102983,1,12,1,1613.43
501500,100182,1,25,8,3215.29
501501,100363,6,23,8,8149.7
501502,100038,1,27,3,2777.04
501503,102544,2,14,3,2190.36
501504,101372,1,2,0,267.01
501505,100920,1,25,6,2441.76
501506,102769,2,11,2,1364.37
501507,100015,3,25,9,5001.33
501508,100492,1,29,5,3293.93
501509,101449,1,17,7,1944.41
501510,101131,2,17,2,2618.59
501511,102941,1,18,6,2250.8
501512,100310,1,16,4,2057.52
501513,100738,7,17,7,7018.2
501514,100545,3,16,2,2732.56
501515,102461,3,12,4,2387.3
501516,100250,2,2,0,308.87
501517,100758,2,16,4,2428.28
501518,101804,2,27,8,3884.82
501519,101297,3,5,1,953.84
501520,101631,4,6,2,1187.79
501521,101914,1,14,1,1420.24
501522,100813,2,11,1,1805.55
501523,100028,2,12,5,1799.31
501524,100957,5,19,2,4716.69
501525,102032,3,24,11,4426.57
501526,100476,2,8,2,1085.65
501527,100317,1,4,1,433.98
501528,100244,3,13,2,2289.71
501529,100747,1,8,1,1150.6
501530,100696,1,27,9,2962.11
501531,100271,1,34,15,4759.69
501532,101771,3,16,7,2869.86
501533,101262,1,3,0,305.66
501534,102424,2,8,1,1369.36
501535,100265,6,33,4,9710.09
501536,102973,1,5,2,695.68
501537,100920,2,21,4,3080.84
501538,100339,2,33,3,4133.83
501539,100388,1,29,5,3733.25
501540,102624,4,14,3,3505.68
501541,102050,1,2,0,222.68
501542,101165,2,31,9,4366.21
501543,100375,3,26,4,3865.57
501544,102033,3,17,3,3111.62
501545,102371,3,20,4,4163.52
501546,100145,1,2,0,273.73
501547,101981,1,6,0,781.0
501548,100292,4,23,8,5924.9
501549,100431,2,25,3,3956.55
501550,100704,5,5,0,1452.72
501551,102996,5,19,4,4957.3
501552,101998,5,17,6,3750.57
501553,102632,2,19,6,2509.12
501554,100398,1,23,8,2361.32
501555,102864,4,3,0,736.66
501556,100963,2,22,8,2674.69
501557,102234,1,30,3,3677.79
501558,102041,5,27,12,6651.9
501559,101828,6,22,3,7401.67
501560,102108,2,18,4,2755.78
501561,100938,1,17,6,2131.35
501562,100709,2,32,8,4005.53
501563,100806,5,10,4,2401.66
501564,101463,6,32,9,11518.44
501565,101325,1,15,6,1957.59
501566,100010,1,3,1,363.7
501567,101085,5,15,7,4319.9
501568,101868,2,34,16,5759.61
501569,102273,2,21,9,2612.93
501570,102611,7,3,1,1248.4
501571,100771,1,20,4,2536.65
501572,101594,3,19,2,3351.57
501573,101607,1,17,6,2186.97
501574,101333,2,5,2,703.35
501575,100884,5,13,5,3891.0
501576,101389,2,30,14,5004.47
501577,100225,8,8,3,3547.88
501578,100824,3,15,2,2356.52
501579,102265,1,13,2,1850.95
501580,100936,1,6,1,700.59
501581,102800,2,18,3,3143.57
501582,102553,2,33,10,4069.72
501583,102306,1,11,5,1121.56
501584,101911,2,18,7,2325.26
501585,101796,2,6,1,779.28
501586,100053,4,10,1,2043.94
501587,100726,3,34,7,6632.45
501588,102736,4,19,5,3922.55
501589,101544,1,10,2,1411.63
501590,101043,1,30,4,4168.69
501591,101913,3,15,4,3073.61
501592,101776,2,26,5,3510.94
501593,101596,1,16,7,2023.72
501594,101914,5,7,0,1857.01
501595,102466,4,30,3,5610.45
501596,102737,2,16,1,2210.71
501597,100849,1,30,6,3648.21
501598,102109,4,5,1,1101.13
501599,102263,3,19,7,2966.69
501600,100002,4,17,4,4400.64
501601,100159,4,12,4,2274.83
501602,100780,5,15,3,4147.62
501603,100892,2,4,1,652.95
501604,102030,1,19,2,2375.89
501605,102376,3,21,5,4297.91
501606,100579,3,26,10,4799.09
501607,101933,4,14,5,3480.69
501608,101380,1,5,1,486.81
501609,101290,1,15,2,1472.73
501610,101640,6,34,6,10777.13
501611,100951,4,29,14,6575.92
501612,102682,6,9,1,2863.22
501613,100987,4,6,1,1460.95
501614,101218,3,6,0,1043.97
501615,100920,3,32,7,6080.24
501616,102785,6,10,1,2997.65
501617,101355,3,33,9,6242.14
501618,100169,3,34,9,5605.12
501619,100520,1,4,1,567.68
501620,101486,2,31,3,4618.28
501621,100039,4,13,2,3208.56
501622,101560,1,30,10,3866.39
501623,101418,1,4,1,441.11
501624,100954,1,27,7,2686.57
501625,100983,1,31,13,3065.15
501626,100974,1,10,1,1171.01
501627,100037,2,27,11,4024.49
501628,102375,6,3,0,793.45
501629,101274,2,4,0,625.6
501630,101199,1,5,2,555.02
501631,101625,1,26,9,3392.52
501632,100913,3,14,2,2756.07
501633,100453,2,24,2,4119.52
501634,100036,5,10,1,3094.39
501635,101711,3,3,1,460.25
501636,100795,4,32,5,6675.44
501637,100972,1,3,0,368.88
501638,100592,3,33,3,5510.22
501639,101137,1,19,7,2249.42
501640,101324,6,14,5,3809.35
501641,102271,3,6,2,971.1
501642,100317,1,11,1,1107.12
501643,102396,1,26,11,2858.18
501644,102162,1,31,11,3547.61
501645,102745,3,8,3,1506.46
501646,101346,1,7,1,755.42
501647,101591,3,4,1,825.21
501648,101889,1,14,5,1451.32
501649,102087,3,4,0,670.3
501650,101996,5,27,8,7238.15
501651,101772,4,25,10,5087.97
501652,101312,4,7,3,1702.08
501653,101285,1,13,6,1558.92
501654,100215,1,3,1,362.12
501655,102383,3,12,2,2158.93
501656,102139,2,27,2,3739.84
501657,102400,2,19,5,2306.42
501658,102618,1,22,6,3110.17
501659,102863,1,23,4,2766.01
501660,101704,1,31,4,4414.43
501661,102828,5,31,10,7141.63
501662,100362,1,9,3,1016.45
501663,102604,3,10,4,1476.39
501664,101716,1,21,8,2514.85
501665,101193,3,26,10,5395.74
501666,100355,1,20,6,2548.09
501667,100190,6,6,2,1778.82
501668,102469,6,12,4,3652.83
501669,100699,1,16,7,2186.63
501670,102054,6,9,4,2625.4
501671,102180,8,20,9,9685.05
501672,100556,5,24,6,6807.86
501673,100825,5,28,3,8048.35
501674,102808,1,33,5,3747.64
501675,101054,3,27,3,4666.73
501676,102582,1,28,3,3454.46
501677,100425,1,20,3,2106.87
501678,102719,8,30,7,12868.24
501679,102410,1,34,10,3384.0
501680,101574,4,20,7,4407.49
501681,102129,5,20,3,5749.96
501682,102403,5,34,12,8061.09
501683,100588,8,17,6,8536.84
501684,102012,1,24,7,3087.82
501685,101547,1,8,3,813.62
501686,100294,2,27,3,4819.63
501687,101985,1,33,5,3791.94
501688,101247,1,13,3,1744.02
501689,101548,2,9,1,1263.11
501690,101690,4,6,1,1551.76
501691,101136,3,29,7,5752.37
501692,101256,1,6,1,633.33
501693,102064,3,27,4,4877.73
501694,100359,1,6,1,720.02
501695,102913,1,23,7,2258.01
501696,100699,4,16,5,3008.95
501697,100447,3,14,2,2351.71
501698,102903,4,29,4,6313.0
501699,102412,1,34,3,4009.81
501700,100674,5,24,2,6505.23
501701,101007,3,34,15,6157.96
501702,101349,3,19,2,3184.66
501703,102514,3,31,12,5832.37
501704,102461,5,27,12,6072.31
501705,100585,3,17,2,3660.51
501706,101256,3,14,3,2761.23
501707,101247,8,34,16,13133.23
501708,100993,4,27,11,5551.22
501709,101435,2,2,0,339.39
501710,100571,4,3,1,668.54
501711,102382,2,7,3,1137.67
501712,101245,1,25,5,2759.75
501713,102084,3,19,8,3851.94
501714,100988,6,28,8,7957.68
501715,100277,6,9,2,2887.71
501716,101219,1,29,14,4148.02
501717,102963,2,11,4,1705.24
501718,101887,1,18,4,2416.4
501719,100483,8,30,3,13735.63
501720,101265,8,7,2,3161.14
501721,100730,3,15,5,2188.78
501722,102239,5,23,8,5919.22
501723,101040,4,7,3,1827.72
501724,102571,3,27,12,5409.97
501725,100917,1,13,3,1732.33
501726,102448,2,15,1,2319.87
501727,100885,3,23,6,4506.64
501728,102752,3,24,9,4464.33
501729,100021,2,8,2,1041.85
501730,100473,7,26,8,9569.65
501731,102257,1,14,4,1760.46
501732,102353,2,22,4,3750.34
501733,100703,3,11,2,1701.04
501734,100686,3,10,3,1930.12
501735,100284,3,16,2,2340.37
501736,100715,1,3,0,424.54
501737,100762,1,26,5,2633.15
501738,101250,3,14,4,2035.09
501739,100947,3,4,0,666.34
501740,102428,1,7,3,722.88
501741,102507,4,20,6,4735.28
501742,101030,2,4,1,578.49
501743,100028,3,19,7,3796.16
501744,100906,5,10,2,3037.34
501745,102926,1,13,3,1792.64
501746,102126,1,6,2,787.92
501747,102994,4,4,1,725.92
501748,102506,3,12,5,1847.3
501749,100569,3,31,12,4926.79
501750,102006,5,5,0,1209.03
501751,101453,5,6,0,1661.23
501752,100737,7,2,0,707.13
501753,100515,2,28,6,3887.1
501754,102000,2,29,6,3781.34
501755,102444,2,30,12,5241.82
501756,100038,1,19,4,2136.2
501757,100886,3,13,2,2203.61
501758,102844,1,14,6,1862.78
501759,102204,6,3,1,979.53
501760,101098,3,17,4,3235.41
501761,102931,3,25,10,4847.96
501762,101823,2,23,10,3601.91
501763,101710,1,12,3,1262.74
501764,100973,1,30,3,3234.99
501765,101562,2,16,1,2455.76
501766,102896,1,32,9,3417.4
501767,102795,3,17,4,3638.84
501768,100988,6,11,5,3032.85
501769,100020,6,33,13,9064.46
501770,102350,3,3,1,476.77
501771,100868,1,25,12,3245.99
501772,100083,5,24,10,5783.33
501773,101682,6,3,0,845.57
501774,101976,1,32,5,4506.16
501775,101410,4,27,10,6641.88
501776,101530,1,30,7,3273.78
501777,100569,5,4,1,882.7
501778,100933,8,15,5,6745.09
501779,101980,1,26,12,2969.86
501780,101855,6,2,0,715.24
501781,100792,3,4,1,811.69
501782,100791,7,27,5,11168.42
501783,101809,2,19,7,3197.26
501784,101294,5,10,1,2382.07
501785,102539,1,24,10,2635.35
501786,102255,1,22,2,2866.13
501787,101607,1,2,0,225.25
501788,101083,7,22,2,7522.52
501789,102477,5,28,5,6570.76
501790,100984,5,7,2,1804.77
501791,101680,6,29,7,7663.2
501792,100519,1,18,3,2193.33
501793,100590,2,4,0,703.93
501794,101050,1,13,5,1682.41
501795,101709,1,13,4,1333.66
501796,102035,1,3,0,376.66
501797,102246,2,23,9,3569.83
501798,102434,1,24,2,2583.31
501799,100348,1,31,9,3972.71
501800,100959,1,6,1,728.94
501801,101963,1,10,3,1266.21
501802,100692,7,22,4,6321.67
501803,101559,4,12,5,2548.45
501804,100377,7,6,1,2282.58
501805,102946,2,28,5,3528.92
501806,102963,1,3,0,398.99
501807,100526,4,25,11,4411.4
501808,102781,1,32,11,3917.34
501809,102253,1,34,13,4780.29
501810,102502,1,31,14,3581.48
501811,101259,1,29,13,4085.56
501812,101875,1,32,12,4421.22
501813,101763,2,12,2,1783.76
501814,100520,3,24,10,3800.66
501815,101701,1,3,0,426.8
501816,101016,1,28,11,3119.65
501817,102773,5,3,1,825.52
501818,101013,1,22,8,3070.78
501819,102548,1,6,1,601.76
501820,100116,5,22,7,5889.62
501821,102433,1,30,14,3650.62
501822,101367,1,21,2,2744.9
501823,100583,2,21,4,3700.2
501824,100394,1,26,8,3635.71
501825,101087,3,3,1,469.81
501826,102768,5,33,4,9891.86
501827,100071,1,27,2,2819.82
501828,100273,3,7,0,1471.5
501829,102013,2,4,0,719.32
501830,101343,1,34,15,3911.9
501831,100337,3,2,0,359.34
501832,101389,1,6,2,845.74
501833,100606,2,14,4,2488.19
501834,100165,1,20,8,2809.0
501835,101567,2,13,2,2243.86
501836,102058,1,26,6,2507.57
501837,101324,5,13,3,3471.88
501838,100728,1,31,4,3135.66
501839,102848,2,6,1,1073.88
501840,102043,2,23,5,3152.7
501841,100101,4,14,1,3682.57
501842,101415,3,4,0,732.47
501843,100778,3,21,8,3770.8
501844,100213,4,32,3,8274.99
501845,101111,5,6,2,1779.06
501846,101576,1,25,3,2961.62
501847,102448,2,34,14,4473.34
501848,102635,5,9,4,1977.44
501849,102936,8,25,11,9082.48
501850,101695,6,21,9,6196.46
501851,100591,2,17,3,2302.41
501852,101333,1,13,3,1364.19
501853,101109,2,14,3,2298.76
501854,102139,4,26,4,6385.28
501855,102720,2,33,3,5084.21
501856,100713,2,25,11,4135.92
501857,100935,5,10,3,2262.51
501858,101951,2,24,8,4112.85
501859,100241,5,14,6,4218.09
501860,102043,2,33,12,5597.44
501861,100001,1,16,6,1931.74
501862,102272,2,6,2,751.23
501863,102848,4,23,3,5402.57
501864,101768,1,17,4,1782.78
501865,101949,1,11,5,1130.24
501866,102636,7,25,11,8132.61
501867,102163,1,19,8,2050.22
501868,100917,3,19,5,3092.75
501869,102241,3,8,3,1287.66
501870,102918,2,5,0,826.13
501871,100089,3,27,4,5742.64
501872,101709,1,6,1,662.96
501873,102169,3,17,4,3332.81
501874,100142,2,27,5,3258.53
501875,100105,3,19,4,3630.24
501876,100886,1,30,4,3877.59
501877,100427,3,24,7,3563.35
501878,101328,1,15,6,1525.12
501879,101895,1,16,5,1771.63
501880,101994,1,34,4,3925.64
501881,100316,1,26,7,3123.15
501882,101986,5,22,8,6624.03
501883,100634,1,18,5,2335.87
501884,101925,6,24,6,6655.62
501885,102056,7,18,6,5335.89
501886,102821,3,15,7,3149.42
501887,102270,1,30,4,3304.85
501888,101439,2,21,5,3294.43
501889,100552,4,31,8,6053.78
501890,100715,2,20,6,2560.28
501891,101287,1,14,2,1446.94
501892,101713,3,19,3,3758.9
501893,101883,5,24,5,6503.92
501894,101107,4,34,16,7228.21
501895,101341,1,19,7,2324.9
501896,100110,3,10,3,1779.0
501897,100250,1,34,14,4141.23
501898,102430,1,33,4,4219.93
501899,102054,5,18,7,4152.87
501900,100458,1,20,6,2157.57
501901,101107,1,28,6,3702.37
501902,100207,1,7,2,965.37
501903,100899,5,21,8,4546.8
501904,100021,4,26,11,5598.16
501905,100409,3,5,0,973.36
501906,100894,4,11,5,2011.6
501907,100514,1,11,5,1353.88
501908,100808,2,25,6,3092.64
501909,100873,2,22,2,3362.9
501910,100013,1,12,2,1443.16
501911,100970,2,28,13,4322.14
501912,102134,6,17,5,4385.7
501913,102956,1,27,6,3017.24
501914,101560,1,31,6,3750.27
501915,101324,1,17,3,1726.85
501916,101266,1,8,2,846.87
501917,102169,6,17,4,5269.62
501918,100749,2,17,8,2132.76
501919,100684,2,13,4,1958.09
501920,101927,4,22,9,5437.63
501921,102356,1,18,3,2119.77
501922,100694,2,33,4,4976.23
501923,102335,2,7,2,1031.86
501924,100306,3,25,5,3703.93
501925,101989,8,28,5,11583.03
501926,102961,4,21,10,5187.18
501927,100661,2,26,7,4248.32
501928,100548,5,3,0,747.54
501929,100311,1,10,1,1351.9
501930,102920,1,29,6,3822.16
501931,101082,1,4,1,495.04
501932,102971,1,21,4,2061.65
501933,101737,2,7,1,984.7
501934,100754,3,34,12,5052.08
501935,100034,6,2,0,718.59
501936,100444,2,7,1,1232.52
501937,102140,2,16,2,1986.26
501938,101982,1,27,6,3802.17
501939,101230,1,15,2,1462.85
501940,100352,3,8,0,1387.51
501941,100902,2,32,13,5316.43
501942,101355,5,25,3,7191.15
501943,102909,1,32,13,4574.72
501944,101748,1,30,12,3810.07
501945,100158,2,33,10,4792.32
501946,101977,1,18,4,2585.83
501947,100956,1,15,2,1715.39
501948,102071,4,25,9,6313.16
501949,100403,1,28,9,3906.7
501950,102852,3,26,9,4447.21
501951,100515,1,33,3,4249.44
501952,102779,1,19,8,2427.55
501953,101387,2,19,2,2894.8
501954,102579,5,27,6,7451.12
501955,100955,2,10,2,1408.66
501956,102199,4,9,0,1725.35
501957,101712,1,21,6,2557.56
501958,102994,4,23,9,5118.38
501959,100607,1,20,8,2618.74
501960,102467,3,31,14,4961.04
501961,101273,3,29,8,4183.25
501962,102913,6,12,4,2912.74
501963,101535,2,32,4,4412.86
501964,102625,1,31,9,3978.17
501965,102382,1,24,3,2931.2
501966,101441,5,20,4,5266.42
501967,102979,2,13,3,2202.22
501968,101797,4,16,4,3164.5
501969,100294,1,32,10,3603.7
501970,100754,1,16,7,1747.7
501971,101394,1,30,7,4229.87
501972,100185,7,27,13,10300.59
501973,101269,3,3,1,456.37
501974,100636,6,21,6,7079.89
501975,101291,1,16,5,1857.98
501976,100529,3,5,0,995.78
501977,102068,3,23,10,4775.5
501978,102958,1,24,7,2322.02
501979,102914,5,27,13,6194.68
501980,100793,7,12,4,3529.51
501981,102147,6,29,12,7076.85
501982,102799,4,3,1,685.82
501983,100477,1,9,2,1167.82
501984,101622,1,30,6,2950.09
501985,100939,7,12,3,4604.11
501986,100525,1,19,5,2190.87
501987,102381,4,15,2,2949.33
501988,100001,4,11,5,2146.32
501989,100374,3,10,3,2061.89
501990,102340,8,12,5,4145.79
501991,102884,1,13,5,1562.43
501992,100552,1,4,1,439.54
501993,102365,1,15,7,2027.37
501994,101525,2,29,8,4752.84
501995,101851,1,12,5,1335.69
501996,100380,1,26,6,3242.2
501997,101646,5,22,5,6114.75
501998,100013,6,11,2,3063.28
501999,100503,1,16,5,1767.76
502000,102278,2,20,6,2571.91
502001,102008,6,23,6,7342.19
502002,100129,1,22,4,2345.42
502003,100837,1,33,15,3643.99
502004,102938,1,24,8,2374.22
502005,102040,3,14,3,2972.11
502006,100027,1,6,2,829.36
502007,102113,7,5,2,2038.1
502008,101252,2,29,14,4569.23
502009,100260,2,15,4,2184.48
502010,102046,1,9,1,1078.11
502011,101472,2,10,2,1783.37
502012,101447,3,22,6,4659.47
502013,100459,4,19,8,4466.48
502014,100300,4,34,8,8335.13
502015,102966,3,9,4,1502.54
502016,102334,6,18,5,5219.26
502017,100629,5,32,15,7152.6
502018,100269,4,7,0,1463.9
502019,102639,1,23,10,3040.88
502020,101993,1,15,7,1780.93
502021,101628,1,4,1,547.07
502022,101801,3,13,1,2153.49
502023,102891,2,13,2,2111.91
502024,100861,2,3,1,505.04
502025,101280,6,3,0,1049.31
502026,102180,6,16,2,4919.78
502027,101799,6,24,4,8547.22
502028,101706,1,30,9,3682.49
502029,102560,3,18,5,2765.78
502030,102360,1,33,3,3552.69
502031,100575,1,8,1,846.08
502032,102933,1,31,9,3938.3
502033,102003,1,29,9,4067.74
502034,101307,2,15,2,2562.42
502035,101956,5,31,8,6746.1
502036,102734,1,18,8,2354.04
502037,102020,4,33,16,6361.16
502038,102212,2,7,3,952.75
502039,102352,1,25,11,3208.41
502040,101655,2,7,1,1093.23
502041,101579,1,28,10,3862.15
502042,101847,3,19,5,2993.41
502043,102203,2,25,8,4142.54
502044,101390,1,25,5,3269.17
502045,101742,1,16,5,1965.2
502046,101925,2,12,3,1785.16
502047,100619,6,23,2,7919.75
502048,101274,1,25,10,2799.56
502049,100956,4,2,0,520.44
502050,101939,3,19,4,2756.98
502051,102381,6,13,1,4581.97
502052,100968,5,29,7,8933.63
502053,102558,3,8,1,1219.57
502054,101316,3,24,11,5183.26
502055,101043,6,22,5,6544.35
502056,100281,2,12,3,1614.67
502057,102844,1,23,5,2875.26
502058,102166,1,30,10,3174.5
502059,101058,5,29,11,8792.02
502060,100197,5,19,6,5042.91
502061,102532,1,15,5,1998.37
502062,101082,3,19,8,3256.75
502063,102884,2,29,12,4408.55
502064,101184,1,25,9,2831.11
502065,101008,8,9,1,3419.48
502066,102738,1,9,3,1085.54
502067,101229,1,5,1,599.35
502068,101035,3,28,10,4230.79
502069,100489,4,6,2,1574.14
502070,100275,1,34,13,4030.21
502071,102740,3,31,13,6338.28
502072,102289,2,9,1,1573.74
502073,101239,1,27,3,3072.43
502074,101274,1,8,1,926.95
502075,100125,3,29,13,5350.55
502076,100216,1,29,12,3092.01
502077,101208,6,15,5,3862.66
502078,101246,5,5,1,1175.6
502079,102542,8,19,7,9367.75
502080,102474,1,26,12,3218.77
502081,100918,7,8,3,2707.69
502082,101317,2,29,10,3745.2
502083,102198,1,6,2,671.0
502084,102431,1,4,0,456.93
502085,101661,1,32,11,4352.05
502086,100307,3,21,5,3778.94
502087,101359,2,20,3,3185.53
502088,101969,1,12,5,1546.47
502089,102793,3,4,1,650.11
502090,100891,1,24,11,3250.47
502091,100374,3,8,1,1708.71
502092,102033,2,24,7,3804.04
502093,101364,5,8,2,2072.18
502094,100128,5,20,2,4509.93
502095,101014,2,10,2,1676.99
502096,101799,2,19,4,2472.96
502097,102716,2,26,4,4243.69
502098,101381,5,15,3,3881.77
502099,100516,1,26,5,3640.29
502100,101518,1,20,7,2440.45
502101,100085,1,16,1,2028.91
502102,101198,2,17,5,2099.91
502103,102358,2,28,11,3416.82
502104,101142,5,11,3,3256.62
502105,102474,1,5,2,706.85
502106,101993,2,20,7,3201.86
502107,102161,5,29,11,8337.25
502108,100302,5,22,3,5519.55
502109,102791,2,15,6,2558.29
502110,100587,2,34,14,4552.12
502111,100986,1,11,2,1429.39
502112,101863,6,20,3,4821.94
502113,100344,1,31,7,3728.53
502114,100813,6,23,9,6550.03
502115,101987,3,4,1,753.94
502116,102848,2,19,7,3040.1
502117,101310,1,12,1,1507.12
502118,101999,2,3,1,446.98
502119,101677,2,13,2,1940.53
502120,101327,1,7,1,674.22
502121,101092,3,30,10,5511.55
502122,102408,7,31,3,8731.43
502123,101009,3,3,0,546.35
502124,100703,4,10,2,2001.77
502125,100574,1,3,0,428.76
502126,101608,2,30,13,3630.86
502127,101112,1,34,14,4591.07
502128,100687,3,11,3,2117.83
502129,102828,6,9,1,3030.66
502130,102632,3,34,10,7123.13
502131,102636,1,7,2,707.96
502132,100488,2,20,4,2515.58
502133,101347,3,33,4,5105.78
502134,100493,2,28,5,3682.45
502135,101667,5,2,0,525.5
502136,101637,5,34,8,9954.6
502137,100018,3,33,14,5387.16
502138,102444,2,6,1,862.88
502139,101000,1,18,2,2050.32
502140,100850,1,9,2,1039.4
502141,101388,2,10,2,1539.0
502142,101354,2,24,2,4305.94
502143,101367,3,8,1,1282.09
502144,100821,3,16,2,3092.02
502145,100454,1,21,3,2870.65
502146,101624,2,26,6,4139.83
502147,102772,1,4,1,548.78
502148,100710,1,25,7,3311.5
502149,102190,5,23,8,5007.65
502150,100916,1,12,2,1370.46
502151,102875,2,9,2,1378.46
502152,102652,1,9,0,888.24
502153,101496,5,28,8,5851.52
502154,101440,3,29,8,4533.85
502155,100304,1,33,5,3959.78
502156,100735,2,16,6,2336.55
502157,102338,4,18,5,4410.45
502158,101963,7,34,8,12213.48
502159,102149,1,17,2,2332.1
502160,102009,6,30,9,7543.3
502161,102914,6,10,4,3033.79
502162,102889,6,34,7,8333.61
502163,100961,3,30,5,4776.66
502164,102989,3,14,4,2891.06
502165,101026,2,22,3,3811.57
502166,102132,4,22,8,4792.57
502167,102375,2,6,2,736.76
502168,102863,3,11,1,1642.88
502169,101473,2,7,0,1228.75
502170,102501,4,14,4,3571.95
502171,101947,5,2,0,533.21
502172,102676,1,21,2,2049.16
502173,101177,5,9,3,2741.33
502174,100664,2,11,2,1527.56
502175,100011,5,10,2,3079.93
502176,101156,2,4,0,620.89
502177,100303,2,12,4,1981.62
502178,101763,6,13,2,4231.83
502179,102830,1,11,5,1266.3
502180,100042,5,26,9,5616.04
502181,100943,2,26,4,3373.42
502182,102390,2,12,3,1613.14
502183,101349,1,27,6,3673.71
502184,102545,3,15,4,2580.29
502185,102411,1,2,0,278.07
502186,100890,1,5,1,559.62
502187,102474,1,31,3,4100.35
502188,101004,1,13,4,1335.33
502189,100020,7,14,1,5857.42
502190,100406,7,32,13,12204.25
502191,102666,2,24,8,3601.14
502192,101014,4,5,1,1308.7
502193,100335,1,17,3,1675.82
502194,101838,3,8,3,1403.76
502195,101147,5,23,9,6790.11
502196,102446,7,30,7,9830.49
502197,102840,2,12,2,1993.68
502198,101827,4,34,11,8840.94
502199,100714,1,30,3,3451.25
502200,100050,8,13,1,6057.44
502201,100323,1,8,1,779.38
502202,100788,3,27,4,4419.35
502203,100140,3,10,3,2154.66
502204,100469,3,14,6,2510.53
502205,100786,1,26,9,2940.05
502206,101825,6,25,3,8823.43
502207,101357,1,18,5,2101.12
502208,101916,3,3,0,578.81
502209,100963,1,14,2,1787.97
502210,100372,1,32,14,3203.63
502211,102541,2,30,8,4713.51
502212,101692,2,29,14,4868.62
502213,102798,1,28,7,3646.42
502214,101179,1,16,5,1599.01
502215,102338,2,32,4,4136.1
502216,101671,4,16,4,3818.04
502217,100105,6,34,6,10746.32
502218,101443,1,21,9,2761.57
502219,102717,2,13,5,1807.01
502220,101681,1,10,4,1011.14
502221,100001,1,24,9,2309.98
502222,102636,3,9,3,1495.76
502223,102691,3,33,5,5607.16
502224,102137,1,15,4,1634.23
502225,100349,1,28,10,2866.09
502226,101286,1,26,9,2729.86
502227,101062,5,14,5,3565.52
502228,102956,7,22,4,7868.6
502229,102206,1,32,4,3698.76
502230,102359,1,6,2,583.56
502231,100444,5,14,4,3427.3
502232,102345,6,29,4,7283.86
502233,100951,2,26,10,4052.95
502234,100035,1,8,3,892.58
502235,101107,1,33,5,3778.22
502236,101475,3,4,1,660.05
502237,101798,2,23,10,3295.16
502238,101845,1,9,4,900.59
502239,101408,3,18,8,3759.87
502240,101195,1,28,8,3904.6
502241,101399,4,34,8,8910.69
502242,101708,1,18,1,2222.17
502243,101385,1,13,1,1353.82
502244,102606,3,28,7,4799.56
502245,102938,2,9,2,1154.97
502246,102188,7,24,4,7731.8
502247,102934,2,30,7,4487.62
502248,101300,1,21,3,2079.77
502249,102773,4,17,7,3642.28
502250,101243,1,18,3,2091.83
502251,100520,6,17,5,5067.83
502252,101806,2,20,6,2492.31
502253,100009,2,9,1,1215.92
502254,100983,1,30,14,3235.09
502255,102425,2,27,8,4252.55
502256,101656,5,32,7,8632.19
502257,101660,5,13,2,2968.38
502258,102729,1,18,4,1820.42
502259,102631,1,16,1,1769.98
502260,102199,5,10,2,3066.78
502261,100719,6,13,4,3638.26
502262,101072,1,33,14,4150.38
502263,100858,2,26,9,4374.36
502264,101316,1,19,2,2124.54
502265,101603,5,16,2,3885.0
502266,100049,1,33,8,4459.71
502267,102711,1,7,1,960.79
502268,102578,4,6,0,1570.39
502269,102904,1,19,8,1948.15
502270,100145,2,17,1,2367.08
502271,100914,2,9,3,1591.53
502272,101462,1,26,4,2746.66
502273,102289,2,33,16,4582.08
502274,100580,2,27,9,4802.61
502275,102734,1,23,9,3277.47
502276,101584,3,32,4,5279.5
502277,100482,5,11,4,3083.03
502278,101249,4,13,5,2849.71
502279,100672,1,29,10,3585.62
502280,100630,1,7,2,753.45
502281,102708,1,21,8,2395.06
502282,100661,2,6,0,1013.94
502283,102852,2,24,8,3445.83
502284,102466,3,10,4,1522.0
502285,100987,1,30,7,3691.94
502286,101546,1,17,2,2115.26
502287,100649,2,23,6,3512.97
502288,100968,3,9,3,1737.75
502289,102637,1,21,3,2570.5
502290,101100,3,15,2,3189.24
502291,102556,1,12,1,1417.89
502292,100440,6,34,14,11050.14
502293,100920,6,32,4,9363.67
502294,100769,1,8,2,879.87
502295,101343,1,24,5,3102.15
502296,101826,2,8,3,1353.1
502297,100262,1,26,12,3488.98
502298,101577,3,4,0,693.83
502299,102684,5,21,4,5458.48
502300,102506,3,31,13,5877.61
502301,100998,5,18,3,4197.06
502302,100699,2,11,2,1754.72
502303,102349,1,21,9,2736.96
502304,101603,4,19,9,4663.34
502305,101241,2,28,9,3484.26
502306,101125,3,24,5,5167.93
502307,102601,1,33,8,3927.11
502308,102335,1,11,1,1267.63
502309,101190,8,12,4,5053.33
502310,102668,1,7,2,981.25
502311,101005,8,18,8,8139.73
502312,100035,7,13,1,4629.43
502313,100743,4,22,7,5402.84
502314,101764,3,20,3,3397.72
502315,100352,3,4,0,833.9
502316,101922,5,19,7,5012.93
502317,100072,1,20,3,2532.65
502318,102695,2,7,2,875.69
502319,101376,3,17,6,3389.2
502320,101914,2,9,4,1435.1
502321,101093,2,19,7,2684.71
502322,102472,1,13,5,1651.73
502323,100707,3,11,3,1619.08
502324,101804,5,8,1,2482.36
502325,102608,1,2,0,257.04
502326,102875,6,22,7,6334.99
502327,100955,3,25,9,4954.83
502328,102564,5,26,8,8019.3
502329,102475,3,8,2,1399.94
502330,100159,4,18,3,3184.71
502331,102196,1,30,5,3252.58
502332,102823,5,31,11,8094.42
502333,101735,1,8,2,967.22
502334,101585,6,34,12,10528.51
502335,100066,8,8,1,3461.12
502336,102428,1,25,5,2934.93
502337,100057,1,12,4,1377.29
502338,100341,4,10,4,2439.66
502339,101153,1,13,3,1615.28
502340,102774,5,5,1,1300.24
502341,101195,1,29,7,3264.19
502342,102817,1,14,5,1360.51
502343,102661,7,24,10,7071.29
502344,101232,3,20,7,3479.0
502345,102401,5,25,7,7700.49
502346,101494,1,17,4,1726.71
502347,101821,3,34,12,7198.78
502348,100115,3,13,4,2004.61
502349,100661,3,8,2,1331.65
502350,101465,3,12,4,2121.41
502351,102500,3,32,4,5084.62
502352,101868,2,30,14,4469.27
502353,102334,1,14,5,1663.98
502354,101016,4,32,7,6865.88
502355,100310,1,3,0,388.33
502356,100207,3,16,1,2671.38
502357,102665,1,12,1,1324.95
502358,102493,3,5,1,1011.67
502359,102717,4,12,4,2233.53
502360,100632,1,30,13,4102.82
502361,102102,1,3,0,381.31
502362,102959,1,17,5,2184.55
502363,100656,3,14,3,2181.67
502364,101423,5,18,2,5585.86
502365,101931,1,22,3,2369.57
502366,102562,4,20,8,3827.04
502367,101679,1,8,3,829.49
502368,100236,2,9,2,1382.32
502369,100347,6,14,5,4970.22
502370,102674,1,3,1,321.39
502371,100629,2,12,1,1731.63
502372,101540,1,25,10,2621.34
502373,102003,1,7,2,887.2
502374,101271,1,27,9,3152.05
502375,100363,1,8,1,779.21
502376,102368,3,20,7,3764.31
502377,100285,2,7,2,922.88
502378,100148,2,30,4,4665.97
502379,101107,1,3,0,343.99
502380,102453,1,20,2,2596.55
502381,100455,3,5,2,794.08
502382,101766,7,7,2,2697.28
502383,100799,1,29,12,3909.75
502384,101184,6,31,7,7672.74
502385,101012,3,8,1,1210.61
502386,102831,3,10,1,2067.83
502387,102507,2,26,5,3411.66
502388,101523,1,34,6,3796.01
502389,102785,1,2,0,235.92
502390,102556,3,7,0,1140.23
502391,100480,1,19,5,2610.72
502392,101686,6,11,2,3336.58
502393,102161,2,29,9,4592.05
502394,102796,1,12,4,1495.86
502395,101601,4,34,12,7813.03
502396,102408,1,2,0,248.35
502397,100340,2,14,2,1972.26
502398,102817,3,21,5,4302.42
502399,102010,6,2,0,628.17
502400,102808,4,4,1,990.44
502401,102496,3,19,6,3701.79
502402,101866,3,15,4,2481.24
502403,100834,7,32,9,11712.89
502404,101203,1,28,7,2801.91
502405,101725,1,18,8,1843.73
502406,101689,1,30,14,3049.72
502407,100310,1,27,6,2987.77
502408,100261,3,18,2,2829.23
502409,101442,3,23,10,4460.33
502410,100405,3,26,12,4700.26
502411,102190,1,3,0,348.23
502412,100341,4,23,5,4327.04
502413,101339,1,6,2,686.51
502414,100243,3,5,1,786.87
502415,100489,3,7,1,1328.29
502416,100011,1,22,7,2844.27
502417,100560,1,14,6,1777.61
502418,100041,1,26,11,3743.87
502419,102725,5,27,10,7174.19
502420,100593,6,21,8,6273.9
502421,101452,3,34,5,5239.45
502422,101826,1,15,6,1666.5
502423,101693,2,18,3,2647.08
502424,100133,4,22,10,3975.79
502425,100947,4,17,4,3529.12
502426,100072,1,17,7,1639.82
502427,100398,1,21,4,2153.63
502428,101428,4,30,9,7432.17
502429,102625,2,29,4,5157.06
502430,102906,1,9,3,1082.35
502431,100129,1,25,10,2993.96
502432,102978,2,4,1,644.33
502433,101811,5,26,8,6531.86
502434,102001,7,20,2,7951.7
502435,100265,3,34,16,6092.34
502436,101560,2,3,1,374.88
502437,101985,1,16,6,1559.7
502438,100792,2,23,9,3810.26
502439,102300,2,11,4,1512.78
502440,102869,3,19,5,3112.0
502441,101312,2,23,9,3501.9
502442,100163,1,28,9,2914.07
502443,100094,1,14,6,1651.32
502444,101805,1,34,14,4475.79
502445,102880,1,6,0,796.58
502446,101133,1,27,6,3304.45
502447,102383,8,14,1,4970.27
502448,100821,2,28,3,3551.87
502449,100237,2,15,5,2497.6
502450,102428,5,25,11,7340.54
502451,102946,8,4,0,1590.53
502452,102530,3,31,8,6300.07
502453,101960,5,15,6,3184.91
502454,102949,1,13,5,1696.64
502455,101048,1,29,8,3544.52
502456,101676,2,30,12,5381.6
502457,102529,3,18,5,2724.73
502458,102964,3,22,3,4482.83
502459,100963,1,24,3,3169.55
502460,100536,1,21,3,2316.09
502461,101603,3,12,2,2591.41
502462,101979,1,11,5,1293.46
502463,100127,3,11,4,1860.07
502464,100091,3,7,1,1419.63
502465,100542,4,25,7,5365.95
502466,100845,4,13,2,3425.09
502467,101681,5,24,9,6927.98
502468,101851,2,28,11,3758.07
502469,102494,4,7,1,1731.39
502470,100389,3,2,0,372.66
502471,102719,1,7,2,789.81
502472,101884,1,23,7,2992.67
502473,100042,1,25,6,3159.32
502474,100253,2,26,9,3378.93
502475,101083,3,16,5,2464.4
502476,102710,5,27,5,6196.19
502477,102514,1,9,2,953.4
502478,102334,1,25,6,2471.23
502479,101540,7,7,3,2303.8
502480,101953,1,2,0,218.98
502481,102825,2,13,5,1980.24
502482,102392,3,12,4,2007.64
502483,100641,2,13,4,2109.16
502484,102429,1,8,3,879.1
502485,100689,1,12,5,1305.99
502486,101276,1,32,6,4389.91
502487,101950,3,34,10,7308.48
502488,101079,2,14,5,2250.61
502489,101486,1,19,7,1910.85
502490,100456,3,25,5,5332.99
502491,100982,5,10,3,2897.12
502492,102130,1,32,13,4483.23
502493,101122,2,11,3,1975.04
502494,100148,3,3,1,619.28
502495,101352,1,16,3,1633.45
502496,101179,1,4,1,550.29
502497,100189,3,32,10,5183.26
502498,100882,6,7,2,2277.57
502499,102310,5,4,0,1176.65
